cell_label,task,physics,renderer,resolution_w,resolution_h,num_envs,cell_type,run_dir,cache_state,cell_run_index,failure_type,fps,wall_sec
anymal_rough_physx_n1024,Isaac-Velocity-Rough-Anymal-C-v0,physx,,,,1024,non_camera,/home/horde/dev/IsaacLab-fork/tools/perf_smoke/exploration_matrix/output/anymal_rough_physx_n1024/cold_round0,cold,0,OK,10015.328083119037,58.02
anymal_rough_physx_n1024,Isaac-Velocity-Rough-Anymal-C-v0,physx,,,,1024,non_camera,/home/horde/dev/IsaacLab-fork/tools/perf_smoke/exploration_matrix/output/anymal_rough_physx_n1024/warm_round1,warm,1,OK,10069.147718242031,44.93
anymal_rough_physx_n2048,Isaac-Velocity-Rough-Anymal-C-v0,physx,,,,2048,non_camera,/home/horde/dev/IsaacLab-fork/tools/perf_smoke/exploration_matrix/output/anymal_rough_physx_n2048/cold_round0,cold,0,OK,16931.914772188837,67.92
anymal_rough_physx_n2048,Isaac-Velocity-Rough-Anymal-C-v0,physx,,,,2048,non_camera,/home/horde/dev/IsaacLab-fork/tools/perf_smoke/exploration_matrix/output/anymal_rough_physx_n2048/warm_round1,warm,1,OK,16915.141157366827,55.24
cartpole_newton_n16384,Isaac-Cartpole-v0,newton_mjwarp,,,,16384,non_camera,/home/horde/dev/IsaacLab-fork/tools/perf_smoke/exploration_matrix/output/cartpole_newton_n16384/cold_round0,cold,0,OK,1485775.5986380512,181.67
cartpole_newton_n16384,Isaac-Cartpole-v0,newton_mjwarp,,,,16384,non_camera,/home/horde/dev/IsaacLab-fork/tools/perf_smoke/exploration_matrix/output/cartpole_newton_n16384/warm_round1,warm,1,OK,1416366.8448066656,51.33
cartpole_newton_n4096,Isaac-Cartpole-v0,newton_mjwarp,,,,4096,non_camera,/home/horde/dev/IsaacLab-fork/tools/perf_smoke/exploration_matrix/output/cartpole_newton_n4096/cold_round0,cold,0,OK,361965.12702257506,150.1
cartpole_newton_n4096,Isaac-Cartpole-v0,newton_mjwarp,,,,4096,non_camera,/home/horde/dev/IsaacLab-fork/tools/perf_smoke/exploration_matrix/output/cartpole_newton_n4096/warm_round1,warm,1,OK,358825.7600227129,31.28
cartpole_newton_n8192,Isaac-Cartpole-v0,newton_mjwarp,,,,8192,non_camera,/home/horde/dev/IsaacLab-fork/tools/perf_smoke/exploration_matrix/output/cartpole_newton_n8192/cold_round0,cold,0,OK,733490.9819471606,159.92
cartpole_newton_n8192,Isaac-Cartpole-v0,newton_mjwarp,,,,8192,non_camera,/home/horde/dev/IsaacLab-fork/tools/perf_smoke/exploration_matrix/output/cartpole_newton_n8192/warm_round1,warm,1,OK,740226.6015462852,37.35
cartpole_physx_n16384,Isaac-Cartpole-v0,physx,,,,16384,non_camera,/home/horde/dev/IsaacLab-fork/tools/perf_smoke/exploration_matrix/output/cartpole_physx_n16384/cold_round0,cold,0,OK,468243.90940907615,50.33
cartpole_physx_n16384,Isaac-Cartpole-v0,physx,,,,16384,non_camera,/home/horde/dev/IsaacLab-fork/tools/perf_smoke/exploration_matrix/output/cartpole_physx_n16384/warm_round1,warm,1,OK,470449.6827910918,41.18
cartpole_physx_n4096,Isaac-Cartpole-v0,physx,,,,4096,non_camera,/home/horde/dev/IsaacLab-fork/tools/perf_smoke/exploration_matrix/output/cartpole_physx_n4096/cold_round0,cold,0,OK,131026.11049977283,34.08
cartpole_physx_n4096,Isaac-Cartpole-v0,physx,,,,4096,non_camera,/home/horde/dev/IsaacLab-fork/tools/perf_smoke/exploration_matrix/output/cartpole_physx_n4096/warm_round1,warm,1,OK,149493.0962316561,22.38
cartpole_physx_n8192,Isaac-Cartpole-v0,physx,,,,8192,non_camera,/home/horde/dev/IsaacLab-fork/tools/perf_smoke/exploration_matrix/output/cartpole_physx_n8192/cold_round0,cold,0,OK,224662.74236745544,40.33
cartpole_physx_n8192,Isaac-Cartpole-v0,physx,,,,8192,non_camera,/home/horde/dev/IsaacLab-fork/tools/perf_smoke/exploration_matrix/output/cartpole_physx_n8192/warm_round1,warm,1,OK,232274.11876403337,28.56
dexsuite_lift_physx_rtx_128x128_n128,Isaac-Dexsuite-Kuka-Allegro-Lift-v0,physx,isaacsim_rtx_renderer,128,128,128,camera_matrix,/home/horde/dev/IsaacLab-fork/tools/perf_smoke/exploration_matrix/output/dexsuite_lift_physx_rtx_128x128_n128/cold_round0,cold,0,OK,973.0738838227348,73.67
dexsuite_lift_physx_rtx_128x128_n128,Isaac-Dexsuite-Kuka-Allegro-Lift-v0,physx,isaacsim_rtx_renderer,128,128,128,camera_matrix,/home/horde/dev/IsaacLab-fork/tools/perf_smoke/exploration_matrix/output/dexsuite_lift_physx_rtx_128x128_n128/warm_round1,warm,1,OK,982.8454724584051,59.01
dexsuite_lift_physx_rtx_128x128_n256,Isaac-Dexsuite-Kuka-Allegro-Lift-v0,physx,isaacsim_rtx_renderer,128,128,256,camera_probe,/home/horde/dev/IsaacLab-fork/tools/perf_smoke/exploration_matrix/output/dexsuite_lift_physx_rtx_128x128_n256/cold_round0,cold,0,OK,1638.459507425639,79.87
dexsuite_lift_physx_rtx_128x128_n256,Isaac-Dexsuite-Kuka-Allegro-Lift-v0,physx,isaacsim_rtx_renderer,128,128,256,camera_probe,/home/horde/dev/IsaacLab-fork/tools/perf_smoke/exploration_matrix/output/dexsuite_lift_physx_rtx_128x128_n256/warm_round1,warm,1,OK,1667.6901945640843,67.07
dexsuite_lift_physx_rtx_128x128_n512,Isaac-Dexsuite-Kuka-Allegro-Lift-v0,physx,isaacsim_rtx_renderer,128,128,512,camera_probe,/home/horde/dev/IsaacLab-fork/tools/perf_smoke/exploration_matrix/output/dexsuite_lift_physx_rtx_128x128_n512/cold_round0,cold,0,OK,2705.6743459602876,308.7
dexsuite_lift_physx_rtx_128x128_n512,Isaac-Dexsuite-Kuka-Allegro-Lift-v0,physx,isaacsim_rtx_renderer,128,128,512,camera_probe,/home/horde/dev/IsaacLab-fork/tools/perf_smoke/exploration_matrix/output/dexsuite_lift_physx_rtx_128x128_n512/warm_round1,warm,1,OK,2230.928077119832,102.3
dexsuite_lift_physx_rtx_256x256_n128,Isaac-Dexsuite-Kuka-Allegro-Lift-v0,physx,isaacsim_rtx_renderer,256,256,128,camera_matrix,/home/horde/dev/IsaacLab-fork/tools/perf_smoke/exploration_matrix/output/dexsuite_lift_physx_rtx_256x256_n128/cold_round0,cold,0,EXIT_NONZERO,,33.3
dexsuite_lift_physx_rtx_64x64_n128,Isaac-Dexsuite-Kuka-Allegro-Lift-v0,physx,isaacsim_rtx_renderer,64,64,128,camera_matrix,/home/horde/dev/IsaacLab-fork/tools/perf_smoke/exploration_matrix/output/dexsuite_lift_physx_rtx_64x64_n128/cold_round0,cold,0,OK,1014.8570490315985,71.82
dexsuite_lift_physx_rtx_64x64_n128,Isaac-Dexsuite-Kuka-Allegro-Lift-v0,physx,isaacsim_rtx_renderer,64,64,128,camera_matrix,/home/horde/dev/IsaacLab-fork/tools/perf_smoke/exploration_matrix/output/dexsuite_lift_physx_rtx_64x64_n128/warm_round1,warm,1,OK,996.3264516371036,57.5
factory_physx_n1024,Isaac-Factory-GearMesh-Direct-v0,physx,,,,1024,non_camera,/home/horde/dev/IsaacLab-fork/tools/perf_smoke/exploration_matrix/output/factory_physx_n1024/cold_round0,cold,0,OK,1115.1653280535209,224.21
factory_physx_n1024,Isaac-Factory-GearMesh-Direct-v0,physx,,,,1024,non_camera,/home/horde/dev/IsaacLab-fork/tools/perf_smoke/exploration_matrix/output/factory_physx_n1024/warm_round1,warm,1,OK,1101.657859463926,215.22
factory_physx_n2048,Isaac-Factory-GearMesh-Direct-v0,physx,,,,2048,non_camera,/home/horde/dev/IsaacLab-fork/tools/perf_smoke/exploration_matrix/output/factory_physx_n2048/cold_round0,cold,0,OK,1476.5500059675978,329.39
factory_physx_n2048,Isaac-Factory-GearMesh-Direct-v0,physx,,,,2048,non_camera,/home/horde/dev/IsaacLab-fork/tools/perf_smoke/exploration_matrix/output/factory_physx_n2048/warm_round1,warm,1,OK,1476.2862934965406,318.3
g1_flat_newton_n2048,Isaac-Velocity-Flat-G1-v0,newton_mjwarp,,,,2048,non_camera,/home/horde/dev/IsaacLab-fork/tools/perf_smoke/exploration_matrix/output/g1_flat_newton_n2048/cold_round0,cold,0,OK,64573.63146477097,293.52
g1_flat_newton_n2048,Isaac-Velocity-Flat-G1-v0,newton_mjwarp,,,,2048,non_camera,/home/horde/dev/IsaacLab-fork/tools/perf_smoke/exploration_matrix/output/g1_flat_newton_n2048/warm_round1,warm,1,OK,65682.85592381333,58.85
g1_flat_newton_n4096,Isaac-Velocity-Flat-G1-v0,newton_mjwarp,,,,4096,non_camera,/home/horde/dev/IsaacLab-fork/tools/perf_smoke/exploration_matrix/output/g1_flat_newton_n4096/cold_round0,cold,0,OK,126319.14842370531,320.06
g1_flat_newton_n4096,Isaac-Velocity-Flat-G1-v0,newton_mjwarp,,,,4096,non_camera,/home/horde/dev/IsaacLab-fork/tools/perf_smoke/exploration_matrix/output/g1_flat_newton_n4096/warm_round1,warm,1,OK,129821.03340424446,83.38
g1_flat_physx_n2048,Isaac-Velocity-Flat-G1-v0,physx,,,,2048,non_camera,/home/horde/dev/IsaacLab-fork/tools/perf_smoke/exploration_matrix/output/g1_flat_physx_n2048/cold_round0,cold,0,OK,19276.867350121454,74.51
g1_flat_physx_n2048,Isaac-Velocity-Flat-G1-v0,physx,,,,2048,non_camera,/home/horde/dev/IsaacLab-fork/tools/perf_smoke/exploration_matrix/output/g1_flat_physx_n2048/warm_round1,warm,1,OK,19588.02236974976,60.04
g1_flat_physx_n4096,Isaac-Velocity-Flat-G1-v0,physx,,,,4096,non_camera,/home/horde/dev/IsaacLab-fork/tools/perf_smoke/exploration_matrix/output/g1_flat_physx_n4096/cold_round0,cold,0,OK,34314.46941663764,106.17
g1_flat_physx_n4096,Isaac-Velocity-Flat-G1-v0,physx,,,,4096,non_camera,/home/horde/dev/IsaacLab-fork/tools/perf_smoke/exploration_matrix/output/g1_flat_physx_n4096/warm_round1,warm,1,OK,34369.5701904062,93.9
g1_rough_physx_n1024,Isaac-Velocity-Rough-G1-v0,physx,,,,1024,non_camera,/home/horde/dev/IsaacLab-fork/tools/perf_smoke/exploration_matrix/output/g1_rough_physx_n1024/cold_round0,cold,0,OK,10011.00941387815,66.41
g1_rough_physx_n1024,Isaac-Velocity-Rough-G1-v0,physx,,,,1024,non_camera,/home/horde/dev/IsaacLab-fork/tools/perf_smoke/exploration_matrix/output/g1_rough_physx_n1024/warm_round1,warm,1,OK,9841.454163161066,52.64
g1_rough_physx_n2048,Isaac-Velocity-Rough-G1-v0,physx,,,,2048,non_camera,/home/horde/dev/IsaacLab-fork/tools/perf_smoke/exploration_matrix/output/g1_rough_physx_n2048/cold_round0,cold,0,OK,18474.56926951714,79.75
g1_rough_physx_n2048,Isaac-Velocity-Rough-G1-v0,physx,,,,2048,non_camera,/home/horde/dev/IsaacLab-fork/tools/perf_smoke/exploration_matrix/output/g1_rough_physx_n2048/warm_round1,warm,1,OK,19702.20727303677,68.85
shadow_vision_newton_ovrtx_128x128_n128,Isaac-Repose-Cube-Shadow-Vision-Direct-v0,newton_mjwarp,ovrtx_renderer,128,128,128,camera_matrix,/home/horde/dev/IsaacLab-fork/tools/perf_smoke/exploration_matrix/output/shadow_vision_newton_ovrtx_128x128_n128/cold_round0,cold,0,OK,1590.0308617010546,279.75
shadow_vision_newton_ovrtx_128x128_n128,Isaac-Repose-Cube-Shadow-Vision-Direct-v0,newton_mjwarp,ovrtx_renderer,128,128,128,camera_matrix,/home/horde/dev/IsaacLab-fork/tools/perf_smoke/exploration_matrix/output/shadow_vision_newton_ovrtx_128x128_n128/warm_round1,warm,1,OK,1561.8193926025183,64.13
shadow_vision_newton_ovrtx_256x256_n128,Isaac-Repose-Cube-Shadow-Vision-Direct-v0,newton_mjwarp,ovrtx_renderer,256,256,128,camera_matrix,/home/horde/dev/IsaacLab-fork/tools/perf_smoke/exploration_matrix/output/shadow_vision_newton_ovrtx_256x256_n128/cold_round0,cold,0,OK,1451.1333477055355,282.21
shadow_vision_newton_ovrtx_256x256_n128,Isaac-Repose-Cube-Shadow-Vision-Direct-v0,newton_mjwarp,ovrtx_renderer,256,256,128,camera_matrix,/home/horde/dev/IsaacLab-fork/tools/perf_smoke/exploration_matrix/output/shadow_vision_newton_ovrtx_256x256_n128/warm_round1,warm,1,OK,1375.3930933186264,65.63
shadow_vision_newton_ovrtx_64x64_n128,Isaac-Repose-Cube-Shadow-Vision-Direct-v0,newton_mjwarp,ovrtx_renderer,64,64,128,camera_matrix,/home/horde/dev/IsaacLab-fork/tools/perf_smoke/exploration_matrix/output/shadow_vision_newton_ovrtx_64x64_n128/cold_round0,cold,0,OK,1602.532928842341,277.03
shadow_vision_newton_ovrtx_64x64_n128,Isaac-Repose-Cube-Shadow-Vision-Direct-v0,newton_mjwarp,ovrtx_renderer,64,64,128,camera_matrix,/home/horde/dev/IsaacLab-fork/tools/perf_smoke/exploration_matrix/output/shadow_vision_newton_ovrtx_64x64_n128/warm_round1,warm,1,OK,1605.8570645956142,59.45
shadow_vision_newton_rtx_128x128_n128,Isaac-Repose-Cube-Shadow-Vision-Direct-v0,newton_mjwarp,isaacsim_rtx_renderer,128,128,128,camera_matrix,/home/horde/dev/IsaacLab-fork/tools/perf_smoke/exploration_matrix/output/shadow_vision_newton_rtx_128x128_n128/cold_round0,cold,0,OK,1267.3672395329681,276.74
shadow_vision_newton_rtx_128x128_n128,Isaac-Repose-Cube-Shadow-Vision-Direct-v0,newton_mjwarp,isaacsim_rtx_renderer,128,128,128,camera_matrix,/home/horde/dev/IsaacLab-fork/tools/perf_smoke/exploration_matrix/output/shadow_vision_newton_rtx_128x128_n128/warm_round1,warm,1,OK,1310.4174333433602,62.6
shadow_vision_newton_rtx_128x128_n256,Isaac-Repose-Cube-Shadow-Vision-Direct-v0,newton_mjwarp,isaacsim_rtx_renderer,128,128,256,camera_probe,/home/horde/dev/IsaacLab-fork/tools/perf_smoke/exploration_matrix/output/shadow_vision_newton_rtx_128x128_n256/cold_round0,cold,0,OK,2197.5045433850432,286.83
shadow_vision_newton_rtx_128x128_n256,Isaac-Repose-Cube-Shadow-Vision-Direct-v0,newton_mjwarp,isaacsim_rtx_renderer,128,128,256,camera_probe,/home/horde/dev/IsaacLab-fork/tools/perf_smoke/exploration_matrix/output/shadow_vision_newton_rtx_128x128_n256/warm_round1,warm,1,OK,2200.1955345914303,69.29
shadow_vision_newton_rtx_128x128_n512,Isaac-Repose-Cube-Shadow-Vision-Direct-v0,newton_mjwarp,isaacsim_rtx_renderer,128,128,512,camera_probe,/home/horde/dev/IsaacLab-fork/tools/perf_smoke/exploration_matrix/output/shadow_vision_newton_rtx_128x128_n512/cold_round0,cold,0,OK,3570.048566216678,295.73
shadow_vision_newton_rtx_128x128_n512,Isaac-Repose-Cube-Shadow-Vision-Direct-v0,newton_mjwarp,isaacsim_rtx_renderer,128,128,512,camera_probe,/home/horde/dev/IsaacLab-fork/tools/perf_smoke/exploration_matrix/output/shadow_vision_newton_rtx_128x128_n512/warm_round1,warm,1,OK,3528.496894863578,84.78
shadow_vision_newton_rtx_256x256_n128,Isaac-Repose-Cube-Shadow-Vision-Direct-v0,newton_mjwarp,isaacsim_rtx_renderer,256,256,128,camera_matrix,/home/horde/dev/IsaacLab-fork/tools/perf_smoke/exploration_matrix/output/shadow_vision_newton_rtx_256x256_n128/cold_round0,cold,0,OK,1073.4683218977918,280.45
shadow_vision_newton_rtx_256x256_n128,Isaac-Repose-Cube-Shadow-Vision-Direct-v0,newton_mjwarp,isaacsim_rtx_renderer,256,256,128,camera_matrix,/home/horde/dev/IsaacLab-fork/tools/perf_smoke/exploration_matrix/output/shadow_vision_newton_rtx_256x256_n128/warm_round1,warm,1,OK,1054.1100325745006,68.35
shadow_vision_newton_rtx_64x64_n128,Isaac-Repose-Cube-Shadow-Vision-Direct-v0,newton_mjwarp,isaacsim_rtx_renderer,64,64,128,camera_matrix,/home/horde/dev/IsaacLab-fork/tools/perf_smoke/exploration_matrix/output/shadow_vision_newton_rtx_64x64_n128/cold_round0,cold,0,OK,1290.1718041650647,276.79
shadow_vision_newton_rtx_64x64_n128,Isaac-Repose-Cube-Shadow-Vision-Direct-v0,newton_mjwarp,isaacsim_rtx_renderer,64,64,128,camera_matrix,/home/horde/dev/IsaacLab-fork/tools/perf_smoke/exploration_matrix/output/shadow_vision_newton_rtx_64x64_n128/warm_round1,warm,1,OK,1369.575416629131,61.59
shadow_vision_newton_warp_128x128_n128,Isaac-Repose-Cube-Shadow-Vision-Direct-v0,newton_mjwarp,newton_renderer,128,128,128,camera_matrix,/home/horde/dev/IsaacLab-fork/tools/perf_smoke/exploration_matrix/output/shadow_vision_newton_warp_128x128_n128/cold_round0,cold,0,OK,3507.736037568605,255.68
shadow_vision_newton_warp_128x128_n128,Isaac-Repose-Cube-Shadow-Vision-Direct-v0,newton_mjwarp,newton_renderer,128,128,128,camera_matrix,/home/horde/dev/IsaacLab-fork/tools/perf_smoke/exploration_matrix/output/shadow_vision_newton_warp_128x128_n128/warm_round1,warm,1,OK,3672.5810974275228,41.03
shadow_vision_newton_warp_256x256_n128,Isaac-Repose-Cube-Shadow-Vision-Direct-v0,newton_mjwarp,newton_renderer,256,256,128,camera_matrix,/home/horde/dev/IsaacLab-fork/tools/perf_smoke/exploration_matrix/output/shadow_vision_newton_warp_256x256_n128/cold_round0,cold,0,OK,2643.2784034303045,255.45
shadow_vision_newton_warp_256x256_n128,Isaac-Repose-Cube-Shadow-Vision-Direct-v0,newton_mjwarp,newton_renderer,256,256,128,camera_matrix,/home/horde/dev/IsaacLab-fork/tools/perf_smoke/exploration_matrix/output/shadow_vision_newton_warp_256x256_n128/warm_round1,warm,1,OK,2672.336973006539,40.83
shadow_vision_newton_warp_64x64_n128,Isaac-Repose-Cube-Shadow-Vision-Direct-v0,newton_mjwarp,newton_renderer,64,64,128,camera_matrix,/home/horde/dev/IsaacLab-fork/tools/perf_smoke/exploration_matrix/output/shadow_vision_newton_warp_64x64_n128/cold_round0,cold,0,OK,3989.2985502147435,250.05
shadow_vision_newton_warp_64x64_n128,Isaac-Repose-Cube-Shadow-Vision-Direct-v0,newton_mjwarp,newton_renderer,64,64,128,camera_matrix,/home/horde/dev/IsaacLab-fork/tools/perf_smoke/exploration_matrix/output/shadow_vision_newton_warp_64x64_n128/warm_round1,warm,1,OK,3836.491580075669,38.92
shadow_vision_physx_rtx_128x128_n128,Isaac-Repose-Cube-Shadow-Vision-Direct-v0,physx,isaacsim_rtx_renderer,128,128,128,camera_matrix,/home/horde/dev/IsaacLab-fork/tools/perf_smoke/exploration_matrix/output/shadow_vision_physx_rtx_128x128_n128/cold_round0,cold,0,OK,1003.9813891839495,66.87
shadow_vision_physx_rtx_128x128_n128,Isaac-Repose-Cube-Shadow-Vision-Direct-v0,physx,isaacsim_rtx_renderer,128,128,128,camera_matrix,/home/horde/dev/IsaacLab-fork/tools/perf_smoke/exploration_matrix/output/shadow_vision_physx_rtx_128x128_n128/warm_round1,warm,1,OK,1024.9773647664692,55.1
shadow_vision_physx_rtx_128x128_n256,Isaac-Repose-Cube-Shadow-Vision-Direct-v0,physx,isaacsim_rtx_renderer,128,128,256,camera_probe,/home/horde/dev/IsaacLab-fork/tools/perf_smoke/exploration_matrix/output/shadow_vision_physx_rtx_128x128_n256/cold_round0,cold,0,OK,1591.4400379082838,82.64
shadow_vision_physx_rtx_128x128_n256,Isaac-Repose-Cube-Shadow-Vision-Direct-v0,physx,isaacsim_rtx_renderer,128,128,256,camera_probe,/home/horde/dev/IsaacLab-fork/tools/perf_smoke/exploration_matrix/output/shadow_vision_physx_rtx_128x128_n256/warm_round1,warm,1,OK,1719.5310484834527,66.18
shadow_vision_physx_rtx_128x128_n512,Isaac-Repose-Cube-Shadow-Vision-Direct-v0,physx,isaacsim_rtx_renderer,128,128,512,camera_probe,/home/horde/dev/IsaacLab-fork/tools/perf_smoke/exploration_matrix/output/shadow_vision_physx_rtx_128x128_n512/cold_round0,cold,0,OK,2923.396578742325,88.4
shadow_vision_physx_rtx_128x128_n512,Isaac-Repose-Cube-Shadow-Vision-Direct-v0,physx,isaacsim_rtx_renderer,128,128,512,camera_probe,/home/horde/dev/IsaacLab-fork/tools/perf_smoke/exploration_matrix/output/shadow_vision_physx_rtx_128x128_n512/warm_round1,warm,1,OK,2924.408389830343,74.71
shadow_vision_physx_rtx_256x256_n128,Isaac-Repose-Cube-Shadow-Vision-Direct-v0,physx,isaacsim_rtx_renderer,256,256,128,camera_matrix,/home/horde/dev/IsaacLab-fork/tools/perf_smoke/exploration_matrix/output/shadow_vision_physx_rtx_256x256_n128/cold_round0,cold,0,OK,741.1696885690725,81.28
shadow_vision_physx_rtx_256x256_n128,Isaac-Repose-Cube-Shadow-Vision-Direct-v0,physx,isaacsim_rtx_renderer,256,256,128,camera_matrix,/home/horde/dev/IsaacLab-fork/tools/perf_smoke/exploration_matrix/output/shadow_vision_physx_rtx_256x256_n128/warm_round1,warm,1,OK,844.2723795119032,62.91
shadow_vision_physx_rtx_64x64_n128,Isaac-Repose-Cube-Shadow-Vision-Direct-v0,physx,isaacsim_rtx_renderer,64,64,128,camera_matrix,/home/horde/dev/IsaacLab-fork/tools/perf_smoke/exploration_matrix/output/shadow_vision_physx_rtx_64x64_n128/cold_round0,cold,0,OK,987.9481116307538,71.62
shadow_vision_physx_rtx_64x64_n128,Isaac-Repose-Cube-Shadow-Vision-Direct-v0,physx,isaacsim_rtx_renderer,64,64,128,camera_matrix,/home/horde/dev/IsaacLab-fork/tools/perf_smoke/exploration_matrix/output/shadow_vision_physx_rtx_64x64_n128/warm_round1,warm,1,OK,584.0148750180941,82.49
shadow_vision_physx_warp_128x128_n128,Isaac-Repose-Cube-Shadow-Vision-Direct-v0,physx,newton_renderer,128,128,128,camera_matrix,/home/horde/dev/IsaacLab-fork/tools/perf_smoke/exploration_matrix/output/shadow_vision_physx_warp_128x128_n128/cold_round0,cold,0,OK,1661.3638259303086,81.54
shadow_vision_physx_warp_128x128_n128,Isaac-Repose-Cube-Shadow-Vision-Direct-v0,physx,newton_renderer,128,128,128,camera_matrix,/home/horde/dev/IsaacLab-fork/tools/perf_smoke/exploration_matrix/output/shadow_vision_physx_warp_128x128_n128/warm_round1,warm,1,OK,1713.4388252752085,53.13
shadow_vision_physx_warp_256x256_n128,Isaac-Repose-Cube-Shadow-Vision-Direct-v0,physx,newton_renderer,256,256,128,camera_matrix,/home/horde/dev/IsaacLab-fork/tools/perf_smoke/exploration_matrix/output/shadow_vision_physx_warp_256x256_n128/cold_round0,cold,0,OK,1527.4270969999584,80.7
shadow_vision_physx_warp_256x256_n128,Isaac-Repose-Cube-Shadow-Vision-Direct-v0,physx,newton_renderer,256,256,128,camera_matrix,/home/horde/dev/IsaacLab-fork/tools/perf_smoke/exploration_matrix/output/shadow_vision_physx_warp_256x256_n128/warm_round1,warm,1,OK,1528.964480557911,54.06
shadow_vision_physx_warp_64x64_n128,Isaac-Repose-Cube-Shadow-Vision-Direct-v0,physx,newton_renderer,64,64,128,camera_matrix,/home/horde/dev/IsaacLab-fork/tools/perf_smoke/exploration_matrix/output/shadow_vision_physx_warp_64x64_n128/cold_round0,cold,0,OK,1150.285000459507,92.4
shadow_vision_physx_warp_64x64_n128,Isaac-Repose-Cube-Shadow-Vision-Direct-v0,physx,newton_renderer,64,64,128,camera_matrix,/home/horde/dev/IsaacLab-fork/tools/perf_smoke/exploration_matrix/output/shadow_vision_physx_warp_64x64_n128/warm_round1,warm,1,OK,1671.662569833383,54.23
