cell,task,physics,renderer,resolution,num_envs,cell_type,has_camera,n_ok_runs,cold_fps,warm_fps_mean,warm_fps_cv_pct,warm_fps_mad,warm_fps_range_over_mean,warm_over_cold,cold_startup_ms,warm_startup_ms,warm_steady_median_ms,warm_exceedance_rate,warm_p99_over_median,warm_excess_kurtosis,warm_frame0_ratio,warm_frame1_ratio,warm_frame2_ratio,cold_wall_sec,warm_wall_sec
anymal_rough_physx_n1024,Isaac-Velocity-Rough-Anymal-C-v0,physx,-,-,1024,non_camera,False,6,10066.194012341213,9984.284809410943,0.7687041510539104,29.109975122588367,0.019255692438595647,-0.8137057842303563,28304.081544,16522.846848,106.42396350000001,0.004081632653061225,1.22789706752777,210.59709949656244,3.0054156659767877,1.526411216836439,0.7491052540575134,89.03,76.04
anymal_rough_physx_n2048,Isaac-Velocity-Rough-Anymal-C-v0,physx,-,-,2048,non_camera,False,6,16788.444966015333,16857.716243798463,0.34881173061276316,50.523781789528584,0.00825303561833092,0.41261282937969934,34651.636383,22046.70036,123.70840849999999,0.004081632653061225,1.205222735147053,212.10281993945637,2.505314800858549,1.4853437684447681,0.7362222737879606,105.78,91.6
anymal_rough_physx_n512,Isaac-Velocity-Rough-Anymal-C-v0,physx,-,-,512,non_camera,False,6,5512.010917795883,5513.397702578442,1.4579662427772087,74.0793947104894,0.029564846917687813,0.025159325756796136,25394.207835,13655.083737,94.130291,0.006122448979591836,1.513933686978616,195.80328954808883,3.404362338672081,1.5824669137639094,0.7060903540919787,80.92,68.54
cartpole_newton_n16384,Isaac-Cartpole-v0,newton_mjwarp,-,-,16384,non_camera,False,6,1466021.1424806605,1409784.6965156368,2.692794222344991,6279.107294732006,0.061167863214808806,-3.835991469390798,153743.054586,37691.128425,11.856955,0.006122448979591836,1.3579562973798933,39.114586180435055,17.92307422828365,5.953955256280504,0.6986671700371188,174.7,54.92
cartpole_newton_n4096,Isaac-Cartpole-v0,newton_mjwarp,-,-,4096,non_camera,False,6,363644.3030430547,353348.2298348943,1.949118395997052,3550.90902708075,0.051934021353990244,-2.8313583141549636,132147.775798,18715.008185,11.932721,0.0,1.3247370293116514,13.76747188063986,18.478403339368583,5.3794712426380835,0.6713288450540118,151.69,34.6
cartpole_newton_n8192,Isaac-Cartpole-v0,newton_mjwarp,-,-,8192,non_camera,False,6,734917.1315770573,697250.798607873,1.823665516737138,14306.83751383517,0.04319223431494819,-5.125249004381782,142416.534109,24943.117029,11.9906465,0.0020408163265306124,1.4761936291520215,28.164431340595772,18.94231224313051,5.558802713549368,0.6750220744205763,162.99,41.95
cartpole_physx_n16384,Isaac-Cartpole-v0,physx,-,-,16384,non_camera,False,6,430714.37205543707,413167.4151961881,1.9937264005438073,4576.832971616997,0.0506825857405786,-4.073919515504465,31491.555808,24320.13375,40.291504,0.0,1.385399995244655,-0.8260315742516844,7.34757887311225,2.243175782169859,0.5134403769092362,62.8,52.89
cartpole_physx_n4096,Isaac-Cartpole-v0,physx,-,-,4096,non_camera,False,6,113532.80933915303,114468.9001552548,0.9378616669594907,555.8176746823156,0.020479043048300293,0.8245112770048912,17708.254108,10944.925994,44.4639045,0.0,1.2736661698254594,-0.11641274278362168,7.456435680316829,2.8723643913061774,0.6254292743692004,46.71,37.07
cartpole_physx_n8192,Isaac-Cartpole-v0,physx,-,-,8192,non_camera,False,6,231568.7647276892,224037.90127173896,3.323467625129034,3566.6313095642545,0.09109034157213569,-3.2521067618105137,21845.416901,14962.6974,40.639087,0.0,1.3100118555813027,-0.5618725393053028,8.310255499994692,2.2218761538588074,0.5389388546056657,50.24,40.53
dexsuite_lift_physx_rtx_128x128_n128,Isaac-Dexsuite-Kuka-Allegro-Lift-v0,physx,isaacsim_rtx_renderer,128x128,128,camera_matrix,True,6,973.7185718982907,973.8853318987824,1.0619503160661568,6.1317008521727985,0.02822840052545746,0.017126098372188814,33279.616392,20346.047924,133.705635,0.0020408163265306124,1.3143077861154775,179.09723211758856,11.168792182917347,1.3424204914778297,1.0061926388463915,110.95,97.94
dexsuite_lift_physx_rtx_128x128_n256,Isaac-Dexsuite-Kuka-Allegro-Lift-v0,physx,isaacsim_rtx_renderer,128x128,256,camera_probe,True,1,1602.294348547908,,,,,,37493.298187,,,,,,,,,129.86,
dexsuite_lift_physx_rtx_128x128_n512,Isaac-Dexsuite-Kuka-Allegro-Lift-v0,physx,isaacsim_rtx_renderer,128x128,512,camera_probe,True,4,2580.2560734814565,2612.726457800725,1.2868514924679044,30.49552475705468,0.025701023131495377,1.2584171258419818,46238.621002,33037.912431,193.64632849999998,0.0020408163265306124,1.5647949703211692,108.99951053679872,6.294861268180461,5.843656137276056,0.874781425034754,158.71,145.36
dexsuite_lift_physx_rtx_256x256_n128,Isaac-Dexsuite-Kuka-Allegro-Lift-v0,physx,isaacsim_rtx_renderer,256x256,128,camera_matrix,True,0,,,,,,,,,,,,,,,,,
dexsuite_lift_physx_rtx_64x64_n128,Isaac-Dexsuite-Kuka-Allegro-Lift-v0,physx,isaacsim_rtx_renderer,64x64,128,camera_matrix,True,1,1012.4533986632463,,,,,,34006.097339,,,,,,,,,108.88,
factory_physx_n1024,Isaac-Factory-GearMesh-Direct-v0,physx,-,-,1024,non_camera,False,6,1078.8067567948551,1090.4896633225067,0.8554136504835161,4.789733711529379,0.022435873386991784,1.0829471037390848,22834.03941,14627.198223,968.4417685000001,0.0020408163265306124,1.0422983979449445,481.50037530395394,1.0199174031943345,0.8761061005799374,0.8883756787828129,532.04,513.63
factory_physx_n2048,Isaac-Factory-GearMesh-Direct-v0,physx,-,-,2048,non_camera,False,6,1491.6524315194122,1485.45371644425,0.24872564360534935,2.508470582861719,0.0066235651106445505,-0.4155602836277472,28230.875365,21388.388278,1406.333848,0.0020408163265306124,1.0692119303239582,480.4513817662711,1.097137603025741,0.8789160068626891,0.8872272015344309,753.01,746.38
factory_physx_n512,Isaac-Factory-GearMesh-Direct-v0,physx,-,-,512,non_camera,False,6,874.2262123943586,890.0700457991943,1.3214765654742837,2.016005629797178,0.029081456564152782,1.8123265100278951,17485.763067,11015.008631,583.857382,0.0020408163265306124,1.067217019259963,470.23180725155953,1.191924281103075,0.9001183854176223,0.9281318998097478,332.21,314.54
g1_flat_newton_n1024,Isaac-Velocity-Flat-G1-v0,newton_mjwarp,-,-,1024,non_camera,False,6,34368.549182197916,34774.30651816435,2.6483023499737643,712.778971469088,0.0671271533917367,1.180606530160433,244650.242167,26148.391152,29.4904375,0.01020408163265306,1.9644593933785273,199.71882251960938,10.830187276807948,10.969659972779441,0.8223320975458333,278.24,54.1
g1_flat_newton_n2048,Isaac-Velocity-Flat-G1-v0,newton_mjwarp,-,-,2048,non_camera,False,6,68375.70320628362,68639.41662010593,2.4453392050561327,1793.8452870224864,0.058830194655812275,0.3856829274964779,270378.211238,36475.39922,29.4240815,0.00816326530612245,1.8754940411410035,196.94459499587944,10.647415009369112,10.244760390099152,0.7481627251474273,304.2,65.21
g1_flat_newton_n4096,Isaac-Velocity-Flat-G1-v0,newton_mjwarp,-,-,4096,non_camera,False,6,130289.84901648275,130452.76597242613,1.9478129241908684,1062.9961014575529,0.052081999924887566,0.12504194085203313,294268.944942,61014.921843,31.419463,0.01020408163265306,1.9416888770505114,201.76630632954198,11.275007650092078,9.824900245376542,0.7650282701874508,332.21,92.46
g1_flat_physx_n1024,Isaac-Velocity-Flat-G1-v0,physx,-,-,1024,non_camera,False,6,10152.901717016375,10151.179975840549,1.9707824433427403,140.0960835694459,0.05301733655184565,-0.016958119203902555,25555.396802,17337.185759,104.3782425,0.006122448979591836,1.2176498624833494,174.69695219039855,3.392961731973499,4.004256465391327,0.656995003395657,90.34,77.63
g1_flat_physx_n2048,Isaac-Velocity-Flat-G1-v0,physx,-,-,2048,non_camera,False,6,19054.507737160497,19146.744342051687,1.6568965592987626,99.92255746141018,0.03417625847927414,0.48406710980681833,38538.276656,30430.496323,109.9148175,0.006122448979591836,1.2468210571393419,170.97637005853719,3.0286384908931865,3.4640312352507094,0.627359928064294,109.31,94.34
g1_flat_physx_n4096,Isaac-Velocity-Flat-G1-v0,physx,-,-,4096,non_camera,False,6,33538.52373203545,34339.57472490061,0.8814338233101935,211.4051462688658,0.01985833247353094,2.388450366108419,64364.404105,54581.439949,122.997865,0.006122448979591836,1.1493078159028445,170.62376081381083,2.244224080938326,3.2083618244343035,0.726143908430037,142.42,125.53
g1_rough_physx_n1024,Isaac-Velocity-Rough-G1-v0,physx,-,-,1024,non_camera,False,6,9731.790416215998,9709.761533361101,1.947336592375485,153.709548215802,0.04710395782670425,-0.22636002125765442,33777.704021,22786.517931,113.298997,0.006122448979591836,1.1791028482372674,172.57625947231938,2.899715099562599,3.605135698661294,0.5982269968239523,97.9,84.86
g1_rough_physx_n2048,Isaac-Velocity-Rough-G1-v0,physx,-,-,2048,non_camera,False,6,17969.250871466567,17983.94860901545,2.341307669062172,145.80763435780682,0.05042578481296589,0.08179382465087759,50051.797667,35782.785681,122.019545,0.006122448979591836,1.2722612890227956,162.0096302602731,2.9360102890044715,3.0126453357036342,0.5650066283343542,118.51,104.32
g1_rough_physx_n512,Isaac-Velocity-Rough-G1-v0,physx,-,-,512,non_camera,False,6,4908.711607633795,4979.859473958544,2.0143610711520177,63.113543721543465,0.05327855817906792,1.44942037772402,29504.400453,16413.505838,109.855863,0.00816326530612245,1.5208240248698675,154.32777596465615,3.104102290399048,3.617800840264534,0.6951384424943072,93.36,78.42
shadow_vision_newton_ovrtx_128x128_n128,Isaac-Repose-Cube-Shadow-Vision-Direct-v0,newton_mjwarp,ovrtx_renderer,128x128,128,camera_matrix,True,6,1602.91345950498,1615.097853854841,1.0330812669463811,6.812256689682272,0.027825284657337503,0.7601404977673587,227728.414471,22778.121116,78.749947,0.004081632653061225,1.510933911537391,19.94578403371299,11.515771478428753,10.242229496357629,8.641551885742855,295.95,85.32
shadow_vision_newton_ovrtx_256x256_n128,Isaac-Repose-Cube-Shadow-Vision-Direct-v0,newton_mjwarp,ovrtx_renderer,256x256,128,camera_matrix,True,6,1497.9647201549624,1445.160070908634,2.1732990286503218,25.53483735685404,0.05661381316428825,-3.5250929835560996,231467.057178,23798.048143,86.84325899999999,0.0020408163265306124,1.5935711579394047,18.806399113480595,10.978034512867701,10.05900272581894,8.112109491641693,300.04,90.7
shadow_vision_newton_ovrtx_64x64_n128,Isaac-Repose-Cube-Shadow-Vision-Direct-v0,newton_mjwarp,ovrtx_renderer,64x64,128,camera_matrix,True,6,1703.5464676900563,1683.0253427942505,1.7995362689800818,28.260423273039805,0.03936947415535059,-1.2046119835892544,229585.248515,22579.805178,78.805021,0.0,1.3379294495714937,0.8737519978181001,12.223747653069347,11.100778785943234,8.176303158587446,294.21,82.14
shadow_vision_newton_rtx_128x128_n128,Isaac-Repose-Cube-Shadow-Vision-Direct-v0,newton_mjwarp,isaacsim_rtx_renderer,128x128,128,camera_matrix,True,6,1320.9206797987326,1334.328417996464,1.1104246316549171,13.699943040738162,0.028273056281655263,1.015029774518661,117854.141958,26055.585121,93.700218,0.0020408163265306124,1.466028702065053,5.606920397558925,32.43925917797248,10.892341057532187,1.2041596178467309,311.71,92.52
shadow_vision_newton_rtx_128x128_n256,Isaac-Repose-Cube-Shadow-Vision-Direct-v0,newton_mjwarp,isaacsim_rtx_renderer,128x128,256,camera_probe,True,6,2322.8798538291985,2391.128856010544,1.7832045078930245,9.35561141016251,0.04268281292412169,2.938120198891858,120796.699492,28830.540531,105.928728,0.0,1.3929439400952117,4.081256755242907,29.35265516026209,10.802408493001066,1.159584130945101,320.85,100.28
shadow_vision_newton_rtx_128x128_n512,Isaac-Repose-Cube-Shadow-Vision-Direct-v0,newton_mjwarp,isaacsim_rtx_renderer,128x128,512,camera_probe,True,6,3630.2316981109984,3662.182616218061,0.4775736900714473,10.359881899972152,0.013021092122119883,0.8801344036439396,129156.183024,39014.363324,137.30192599999998,0.0020408163265306124,1.4183441110982005,11.89460915114338,22.6477493000419,8.623338804182806,1.4940284179809658,346.09,128.38
shadow_vision_newton_rtx_256x256_n128,Isaac-Repose-Cube-Shadow-Vision-Direct-v0,newton_mjwarp,isaacsim_rtx_renderer,256x256,128,camera_matrix,True,6,1106.8731982417282,1114.367636942442,0.9987852209783559,6.23261203191305,0.026260121018910648,0.6770819559655639,116354.009805,26004.872492,114.4271635,0.0,1.5506177522749507,5.554066691993619,26.24017151312153,8.801799827887894,1.0045627614896953,318.52,100.79
shadow_vision_newton_rtx_64x64_n128,Isaac-Repose-Cube-Shadow-Vision-Direct-v0,newton_mjwarp,isaacsim_rtx_renderer,64x64,128,camera_matrix,True,6,1396.30843744639,1388.4276203065958,1.241981892969285,7.239495402320927,0.03156870199231102,-0.5644037469405228,114425.040764,27109.373002,93.258628,0.004081632653061225,1.7399516177887497,10.687252622676995,33.11584294080481,11.604674296793474,1.1359459651146508,306.32,92.08
shadow_vision_newton_warp_128x128_n128,Isaac-Repose-Cube-Shadow-Vision-Direct-v0,newton_mjwarp,newton_renderer,128x128,128,camera_matrix,True,6,4193.007711504226,4136.566331454351,1.697196098100528,37.9777654035488,0.04447251216061963,-1.3460833829381902,221911.920895,15387.961082,29.032835499999997,0.0020408163265306124,1.6820619630140983,5.82216286521488,18.433673837521894,26.27458355840649,20.727337478562788,260.85,46.87
shadow_vision_newton_warp_256x256_n128,Isaac-Repose-Cube-Shadow-Vision-Direct-v0,newton_mjwarp,newton_renderer,256x256,128,camera_matrix,True,6,2942.928124517013,2938.6955419342553,0.8938634616964827,18.276092639087892,0.021816265384553054,-0.1438221527565342,225653.592888,15414.352157,40.7655145,0.0,1.530760943706098,11.916663143977036,12.90602332643456,18.64533776340529,15.093039323275445,271.68,54.55
shadow_vision_newton_warp_64x64_n128,Isaac-Repose-Cube-Shadow-Vision-Direct-v0,newton_mjwarp,newton_renderer,64x64,128,camera_matrix,True,6,4439.445947384659,4540.079183640291,2.628496496694563,9.487270904850448,0.06302633115505957,2.266797196053627,230163.482422,15265.466851,26.4374535,0.004081632653061225,1.8141344834894935,8.510171237506599,21.946021249919877,28.293639173682138,22.99549660943904,268.78,46.17
shadow_vision_physx_rtx_128x128_n128,Isaac-Repose-Cube-Shadow-Vision-Direct-v0,physx,isaacsim_rtx_renderer,128x128,128,camera_matrix,True,6,1016.4529997678486,1011.3471731500215,0.48879774969076617,1.136323297080935,0.011971785003066598,-0.5023180234593472,26314.201398,17952.009597,128.4778845,0.004081632653061225,1.5265334793765142,112.23779616192856,6.302891453907761,3.8308052698936694,0.9729189088722136,106.33,95.3
shadow_vision_physx_rtx_128x128_n256,Isaac-Repose-Cube-Shadow-Vision-Direct-v0,physx,isaacsim_rtx_renderer,128x128,256,camera_probe,True,6,1820.2573815375033,1804.156486512012,0.939445442008175,10.137906259686588,0.023774459941943393,-0.8845394716593069,28760.738544,21083.115949,144.7845095,0.006122448979591836,1.599056566199853,220.80254763692255,5.893410026712837,4.077238912081268,1.0319706053260158,117.86,106.76
shadow_vision_physx_rtx_128x128_n512,Isaac-Repose-Cube-Shadow-Vision-Direct-v0,physx,isaacsim_rtx_renderer,128x128,512,camera_probe,True,6,2995.08878313961,3010.946902842227,1.1705906087133449,8.484427397087984,0.03176109017595262,0.5294707720147729,33580.181111,25726.71654,171.482939,0.004081632653061225,1.2385307341274367,221.92143948330798,5.523090144338067,3.5439180202266622,0.9989306341431436,136.99,125.08
shadow_vision_physx_rtx_256x256_n128,Isaac-Repose-Cube-Shadow-Vision-Direct-v0,physx,isaacsim_rtx_renderer,256x256,128,camera_matrix,True,6,898.7984793396992,890.933093203879,1.123363232345226,5.493641839385418,0.02797184371185539,-0.8751000715531254,26587.648813,18163.983792,145.09897899999999,0.0020408163265306124,1.5074014874994461,138.65814110400086,5.614428222181262,3.4308919706457757,0.8848450735354345,115.03,103.29
shadow_vision_physx_rtx_64x64_n128,Isaac-Repose-Cube-Shadow-Vision-Direct-v0,physx,isaacsim_rtx_renderer,64x64,128,camera_matrix,True,6,1047.1545354869957,1033.4646266639381,1.476096752547286,16.07927245619385,0.03635282328025692,-1.3073436975270192,26280.875279,18340.797212,124.7802615,0.004081632653061225,1.5635474274138668,86.78787369384266,6.117931648989211,3.7446268535027873,1.048615990529982,105.04,93.83
shadow_vision_physx_warp_128x128_n128,Isaac-Repose-Cube-Shadow-Vision-Direct-v0,physx,newton_renderer,128x128,128,camera_matrix,True,6,1789.2862498270465,1780.5098437536967,1.5769101385878133,29.390080507517496,0.037602884083626296,-0.4904975978101911,38146.131937,24021.117574,73.8107605,0.0020408163265306124,1.2070182075958966,320.53164278796146,9.217182233509604,5.852364766449761,0.6133635203429679,96.32,73.09
shadow_vision_physx_warp_256x256_n128,Isaac-Repose-Cube-Shadow-Vision-Direct-v0,physx,newton_renderer,256x256,128,camera_matrix,True,6,1525.0921427161702,1548.5778050530503,1.611339835941961,0.36823683583270395,0.03733204646939739,1.5399503858863461,40732.900604,25685.096893,83.91811000000001,0.004081632653061225,1.4077043738408035,239.40724795499335,8.713722060645217,5.287933701080731,0.7234559739250561,105.25,80.33
shadow_vision_physx_warp_64x64_n128,Isaac-Repose-Cube-Shadow-Vision-Direct-v0,physx,newton_renderer,64x64,128,camera_matrix,True,6,1790.6921428918392,1800.2279282799652,2.2625818140068703,35.9888908300386,0.046362449093782024,0.5325195302821051,39776.616409,24455.833886,72.65496300000001,0.0020408163265306124,1.2105210530490533,286.0535844206922,9.64476948783639,6.351053998552207,0.6660161464133976,97.54,72.95
