cell,task,physics,renderer,num_envs,cell_type,cache_state,run_index,failure_type,fps,wall_sec,median_ms,steady_median_ms,frame0_ratio,frame1_ratio,frame2_ratio,exceedance_rate,p99_over_median,excess_kurtosis,total_start_ms,n_frames
anymal_rough_physx_n1024,Isaac-Velocity-Rough-Anymal-C-v0,physx,,1024,non_camera,cold,0,OK,10066.194012341213,89.03,102.8170745,104.43565849999999,2.71791849715775,1.2448956406972818,0.597425188830499,0.006122448979591836,1.6319057440519733,212.15351103250873,28304.081544,500
anymal_rough_physx_n1024,Isaac-Velocity-Rough-Anymal-C-v0,physx,,1024,non_camera,warm,1,OK,9855.419133081297,76.29,104.21053599999999,106.42396350000001,2.8463852692349687,1.579506705743016,0.7688366539740834,0.004081632653061225,1.2955741431298977,216.3458980360504,16215.869476,500
anymal_rough_physx_n1024,Isaac-Velocity-Rough-Anymal-C-v0,physx,,1024,non_camera,warm,2,OK,10033.002286201392,76.04,103.562899,103.7871245,2.661296662092223,1.526411216836439,0.5847394105229305,0.004081632653061225,1.2216754424100071,208.92030559310214,16584.75548,500
anymal_rough_physx_n1024,Isaac-Velocity-Rough-Anymal-C-v0,physx,,1024,non_camera,warm,3,OK,10047.673450590657,75.27,102.7472415,103.2922825,3.0054156659767877,1.6760152434428002,0.6850288452092247,0.004081632653061225,1.22789706752777,237.1235733637308,16430.907622,500
anymal_rough_physx_n1024,Isaac-Velocity-Rough-Anymal-C-v0,physx,,1024,non_camera,warm,4,OK,10007.21957615198,76.47,103.9972385,106.89929599999999,3.253947247697497,1.2692516702822814,0.7529005242466705,0.004081632653061225,1.2140775345237074,207.46348459309723,16805.715945,500
anymal_rough_physx_n1024,Isaac-Velocity-Rough-Anymal-C-v0,physx,,1024,non_camera,warm,5,OK,9978.109601029391,75.86,103.51280349999999,107.2627105,3.2225122168621687,1.5166989183999784,0.7491052540575134,0.004081632653061225,1.2489262168141841,210.59709949656244,16522.846848,500
anymal_rough_physx_n2048,Isaac-Velocity-Rough-Anymal-C-v0,physx,,2048,non_camera,cold,0,OK,16788.444966015333,105.78,122.9257465,127.182242,2.5775891024157285,1.4877964016391534,0.6961942296944255,0.004081632653061225,1.3458688443312707,199.2549794496972,34651.636383,500
anymal_rough_physx_n2048,Isaac-Velocity-Rough-Anymal-C-v0,physx,,2048,non_camera,warm,1,OK,16774.15284013895,91.87,122.566761,125.262486,2.860798004599717,1.4853437684447681,0.8522108047576192,0.004081632653061225,1.3159430845879918,198.91131394015386,21794.449268,500
anymal_rough_physx_n2048,Isaac-Velocity-Rough-Anymal-C-v0,physx,,2048,non_camera,warm,2,OK,16913.280172742736,91.71,122.50600349999999,125.12399350000001,2.2771690227422283,1.5096323392203748,0.7362222737879606,0.004081632653061225,1.2046524913704901,213.09383020254128,22046.70036,500
anymal_rough_physx_n2048,Isaac-Velocity-Rough-Anymal-C-v0,physx,,2048,non_camera,warm,3,OK,16861.0346468543,91.1,122.48382749999999,123.447805,2.505314800858549,1.301561433190327,0.6714214967208205,0.004081632653061225,1.205222735147053,207.7334980444667,22171.472531,500
anymal_rough_physx_n2048,Isaac-Velocity-Rough-Anymal-C-v0,physx,,2048,non_camera,warm,4,OK,16911.558428643828,91.1,122.0832895,122.69463400000001,2.406927747141737,1.5104434966569114,0.7503654805311207,0.004081632653061225,1.2152861419351075,212.10281993945637,21753.214177,500
anymal_rough_physx_n2048,Isaac-Velocity-Rough-Anymal-C-v0,physx,,2048,non_camera,warm,5,OK,16828.555130612498,91.6,122.412591,123.70840849999999,2.7731680987553893,1.392003470806918,0.5463183531295693,0.004081632653061225,1.191446521195849,216.50725473540686,22183.065124,500
anymal_rough_physx_n512,Isaac-Velocity-Rough-Anymal-C-v0,physx,,512,non_camera,cold,0,OK,5512.010917795883,80.92,94.173592,90.83765700000001,3.2906018701032766,1.4765198644434432,0.7911409141695497,0.004081632653061225,1.2795035249533133,234.81693185485767,25394.207835,500
anymal_rough_physx_n512,Isaac-Velocity-Rough-Anymal-C-v0,physx,,512,non_camera,warm,1,OK,5593.988265242455,67.85,93.218181,93.323199,3.404362338672081,1.3387436279375722,0.6631931145009292,0.006122448979591836,1.584674464599098,191.3701495381476,13725.158758,500
anymal_rough_physx_n512,Isaac-Velocity-Rough-Anymal-C-v0,physx,,512,non_camera,warm,2,OK,5590.1288914654615,67.78,93.53203350000001,88.77800400000001,3.748442080315299,1.5824669137639094,0.8514478991890828,0.004081632653061225,1.3677065531908106,234.20548532965725,13655.083737,500
anymal_rough_physx_n512,Isaac-Velocity-Rough-Anymal-C-v0,physx,,512,non_camera,warm,3,OK,5431.976979482932,69.65,94.01923149999999,96.71719999999999,2.547595391512575,1.259624451493633,0.6089240900274202,0.004081632653061225,1.690579720463374,189.85745278638677,13986.977907,500
anymal_rough_physx_n512,Isaac-Velocity-Rough-Anymal-C-v0,physx,,512,non_camera,warm,4,OK,5519.9088705319655,68.54,93.1837975,96.199694,3.1599905193045625,1.6312082863797885,0.7060903540919787,0.00816326530612245,1.3105640507546734,195.80328954808883,13382.509705,500
anymal_rough_physx_n512,Isaac-Velocity-Rough-Anymal-C-v0,physx,,512,non_camera,warm,5,OK,5430.985506169392,68.72,94.88642,94.130291,3.6360165825897637,1.7684520915801696,0.7221515016882292,0.006122448979591836,1.513933686978616,205.57050626304365,13466.253103,500
cartpole_newton_n16384,Isaac-Cartpole-v0,newton_mjwarp,,16384,non_camera,cold,0,OK,1466021.1424806605,174.7,11.393941,11.1478055,6.327375105351453,6.089515914141128,0.6624316328446885,0.0,1.2053007679403807,16.103143996610427,153743.054586,500
cartpole_newton_n16384,Isaac-Cartpole-v0,newton_mjwarp,,16384,non_camera,warm,1,OK,1386690.2546661717,54.01,11.827797499999999,11.856955,23.262267167244882,6.495752998978237,0.827508158713599,0.006122448979591836,1.3579562973798933,92.57123163976388,37251.943867,500
cartpole_newton_n16384,Isaac-Cartpole-v0,newton_mjwarp,,16384,non_camera,warm,2,OK,1433824.153781062,54.92,11.603415,11.707699,23.669896877259998,5.953955256280504,0.6708842617153037,0.0,1.2776072958486553,13.351222420336995,37691.128425,500
cartpole_newton_n16384,Isaac-Cartpole-v0,newton_mjwarp,,16384,non_camera,warm,3,OK,1434436.0694581605,53.35,11.642800999999999,12.103722000000001,16.939156732119258,5.577572171601429,0.6148196397769214,0.0,1.1651955398512954,19.661024448734878,37132.987772,500
cartpole_newton_n16384,Isaac-Cartpole-v0,newton_mjwarp,,16384,non_camera,warm,4,OK,1353869.7435969948,55.75,12.173944500000001,12.253401,17.56851587571483,6.00746323408497,0.6986671700371188,0.006122448979591836,1.7649350143686644,39.114586180435055,39016.723563,500
cartpole_newton_n16384,Isaac-Cartpole-v0,newton_mjwarp,,16384,non_camera,warm,5,OK,1440103.261075794,57.93,11.388485,11.3752125,17.92307422828365,5.745285110058383,0.6992796837861271,0.012244897959183673,2.346286902332595,46.94260711282387,38790.567076,500
cartpole_newton_n4096,Isaac-Cartpole-v0,newton_mjwarp,,4096,non_camera,cold,0,OK,363644.3030430547,151.69,11.535378,11.497762000000002,5.890599927185829,5.0401739051478005,0.6478260725869955,0.0,1.1954663533651155,13.36493137091778,132147.775798,500
cartpole_newton_n4096,Isaac-Cartpole-v0,newton_mjwarp,,4096,non_camera,warm,1,OK,356730.71192796825,35.06,11.471726499999999,11.932721,22.556960897686288,6.418194140297087,0.811748720178742,0.004081632653061225,1.4767399338340352,23.762054228765773,19475.567332,500
cartpole_newton_n4096,Isaac-Cartpole-v0,newton_mjwarp,,4096,non_camera,warm,2,OK,353179.8029008875,34.11,11.708085,11.3170595,21.928153952004937,5.925997738193389,0.7070242053600585,0.00816326530612245,1.9048149327128665,33.04659982091678,18245.181819,500
cartpole_newton_n4096,Isaac-Cartpole-v0,newton_mjwarp,,4096,non_camera,warm,3,OK,344137.8182617783,34.45,12.1216025,11.987895000000002,18.478403339368583,5.219502089399348,0.629886564738847,0.0,1.3247370293116514,11.488927352808584,18609.168885,500
cartpole_newton_n4096,Isaac-Cartpole-v0,newton_mjwarp,,4096,non_camera,warm,4,OK,362488.6127754183,34.6,11.530562,11.5901365,17.253456160762212,5.3794712426380835,0.6473005732072267,0.0,1.238123811570295,13.76747188063986,18940.564417,500
cartpole_newton_n4096,Isaac-Cartpole-v0,newton_mjwarp,,4096,non_camera,warm,5,OK,350204.20330841886,35.91,11.929079999999999,12.236983500000001,17.53054598790625,5.293227289225322,0.6713288450540118,0.0,1.2137471036060479,10.66241807100003,18715.008185,500
cartpole_newton_n8192,Isaac-Cartpole-v0,newton_mjwarp,,8192,non_camera,cold,0,OK,734917.1315770573,162.99,11.139274499999999,12.2082145,5.988633309154258,5.156591080538436,0.6744874117341237,0.0,1.3832237941101062,7.615453792270078,142416.534109,500
cartpole_newton_n8192,Isaac-Cartpole-v0,newton_mjwarp,,8192,non_camera,warm,1,OK,692604.6823200734,41.95,12.178387,12.366123,21.047722556212648,5.4871796115888545,0.6750220744205763,0.0020408163265306124,1.5112906729134108,93.59052727313458,25801.249686,500
cartpole_newton_n8192,Isaac-Cartpole-v0,newton_mjwarp,,8192,non_camera,warm,2,OK,679886.6028918255,42.86,12.1966665,11.9906465,18.94231224313051,5.493661496900938,0.6558343622255897,0.0,1.326121377191797,11.543553774861591,24943.117029,500
cartpole_newton_n8192,Isaac-Cartpole-v0,newton_mjwarp,,8192,non_camera,warm,3,OK,709566.8446602243,40.89,11.5968905,12.394394,15.721999881559357,5.558802713549368,0.7075100242900136,0.006122448979591836,1.4761936291520215,40.78672969844345,24614.237825,500
cartpole_newton_n8192,Isaac-Cartpole-v0,newton_mjwarp,,8192,non_camera,warm,4,OK,710002.4227615815,40.09,11.689328,11.9529625,16.174977291194548,5.700167217959565,0.6740470406395067,0.0,1.2935342112886241,10.312437350481328,24341.852266,500
cartpole_newton_n8192,Isaac-Cartpole-v0,newton_mjwarp,,8192,non_camera,warm,5,OK,694193.4404056607,42.15,11.914161,11.707387,23.903777589311773,6.278930815219485,0.753462237132846,0.00816326530612245,1.7365553466371282,28.164431340595772,25040.303485,500
cartpole_physx_n16384,Isaac-Cartpole-v0,physx,,16384,non_camera,cold,0,OK,430714.37205543707,62.8,39.9483005,43.665388500000006,5.8345680584062585,1.8736957304296054,0.5304283963945494,0.0,1.2385830511962583,-0.908725787270138,31491.555808,500
cartpole_physx_n16384,Isaac-Cartpole-v0,physx,,16384,non_camera,warm,1,OK,417928.6491474539,53.2,40.169070500000004,38.755842,7.527151106664125,2.362295754018194,0.5057944296501157,0.0,1.4284052984837745,-0.8819005047035082,24970.468906,500
cartpole_physx_n16384,Isaac-Cartpole-v0,physx,,16384,non_camera,warm,2,OK,416144.0048840419,52.89,40.283608,43.4045095,7.34757887311225,2.273063977373134,0.4620767802939922,0.0,1.267162956881243,-0.9697540215917999,24320.13375,500
cartpole_physx_n16384,Isaac-Cartpole-v0,physx,,16384,non_camera,warm,3,OK,399780.44490976486,53.8,43.727647000000005,42.322649999999996,6.796910023356289,1.8970725604374963,0.7851828985188782,0.0,1.3101181977026488,-0.8260315742516844,24328.320319,500
cartpole_physx_n16384,Isaac-Cartpole-v0,physx,,16384,non_camera,warm,4,OK,411263.1391840206,52.79,40.665805,38.331336,6.606246648955831,2.2029420002475257,0.6113956215875179,0.0,1.5004125564525066,-0.7138257218113928,24304.534847,500
cartpole_physx_n16384,Isaac-Cartpole-v0,physx,,16384,non_camera,warm,5,OK,420720.8378556589,52.44,40.6925995,40.291504,8.626595994033877,2.243175782169859,0.5134403769092362,0.0,1.385399995244655,-0.5376648240968693,24205.945866,500
cartpole_physx_n4096,Isaac-Cartpole-v0,physx,,4096,non_camera,cold,0,OK,113532.80933915303,46.71,36.886321,34.2602755,6.158366181264363,2.24456245251151,0.5876486311384157,0.0,1.5496926167450111,-0.8700512020649316,17708.254108,500
cartpole_physx_n4096,Isaac-Cartpole-v0,physx,,4096,non_camera,warm,1,OK,113781.2404426739,37.23,37.504658000000006,45.3079635,6.761318636623339,2.8723643913061774,0.6466321974502341,0.0020408163265306124,1.1843902218204976,5.996363383692978,11488.013541,500
cartpole_physx_n4096,Isaac-Cartpole-v0,physx,,4096,non_camera,warm,2,OK,113938.67229601531,36.72,37.102383,44.5333975,6.741894574740227,3.139714839856986,0.5468474306277665,0.0,1.2239922568225343,-0.8433602762696659,10852.131539,500
cartpole_physx_n4096,Isaac-Cartpole-v0,physx,,4096,non_camera,warm,3,OK,115514.66526094779,36.22,35.8360295,36.7921745,8.82612116334684,2.341866529253388,0.6254292743692004,0.004081632653061225,1.5346123442635884,2.8266129360753514,11096.039523,500
cartpole_physx_n4096,Isaac-Cartpole-v0,physx,,4096,non_camera,warm,4,OK,113382.854621333,37.07,36.3650065,41.2300725,7.639068255337169,2.8705368150880646,0.7890334415492478,0.0,1.3614638240085561,-0.5213204015353292,10944.925994,500
cartpole_physx_n4096,Isaac-Cartpole-v0,physx,,4096,non_camera,warm,5,OK,115727.06815530405,37.07,35.962030999999996,44.4639045,7.456435680316829,2.897082913624916,0.505081464449439,0.0,1.2736661698254594,-0.11641274278362168,10894.247132,500
cartpole_physx_n8192,Isaac-Cartpole-v0,physx,,8192,non_camera,cold,0,OK,231568.7647276892,50.24,36.640889,37.0814815,6.207436210443749,2.2106259427633708,0.41219599060517575,0.0,1.4113683602420253,-0.8393662666267803,21845.416901,500
cartpole_physx_n8192,Isaac-Cartpole-v0,physx,,8192,non_camera,warm,1,OK,224984.60801784098,40.28,36.995737500000004,44.517568499999996,6.477468058481227,2.167671197046622,0.4698462136358593,0.0,1.1963441044629382,-0.2688987436481929,14808.678936,500
cartpole_physx_n8192,Isaac-Cartpole-v0,physx,,8192,non_camera,warm,2,OK,226390.26287456727,40.53,37.661667,37.119620499999996,8.420432261692978,2.7428177774608447,0.5957089189529834,0.0,1.4675959591235586,-0.7603351940419167,14822.774941,500
cartpole_physx_n8192,Isaac-Cartpole-v0,physx,,8192,non_camera,warm,3,OK,221417.97670827672,41.13,37.102267499999996,37.4205645,8.519861532286614,2.5074016454241357,0.5843707675762081,0.0,1.4048264344061407,-0.5618725393053028,14962.6974,500
cartpole_physx_n8192,Isaac-Cartpole-v0,physx,,8192,non_camera,warm,4,OK,233902.17385497843,40.18,36.058841,40.639087,6.379083442499581,2.190062783644721,0.5389388546056657,0.0,1.3100118555813027,-0.6258754893199443,15171.113808,500
cartpole_physx_n8192,Isaac-Cartpole-v0,physx,,8192,non_camera,warm,5,OK,213494.48490303132,43.1,39.5834505,42.858905,8.310255499994692,2.2218761538588074,0.4919016479772407,0.0,1.293225626039676,-0.4087627508528824,15849.15004,500
dexsuite_lift_physx_rtx_128x128_n128,Isaac-Dexsuite-Kuka-Allegro-Lift-v0,physx,isaacsim_rtx_renderer,128,camera_matrix,cold,0,OK,973.7185718982907,110.95,135.4055375,139.4729875,11.372913016579645,1.2878980598304028,1.0692130259273325,0.0020408163265306124,1.2729532293125965,130.22279504769327,33279.616392,500
dexsuite_lift_physx_rtx_128x128_n128,Isaac-Dexsuite-Kuka-Allegro-Lift-v0,physx,isaacsim_rtx_renderer,128,camera_matrix,warm,1,OK,971.3473441228597,97.72,134.60262749999998,129.22742449999998,12.3593359240863,1.4343033045590106,0.8641705538285337,0.0020408163265306124,1.3143077861154775,179.09723211758856,20096.538822,500
dexsuite_lift_physx_rtx_128x128_n128,Isaac-Dexsuite-Kuka-Allegro-Lift-v0,physx,isaacsim_rtx_renderer,128,camera_matrix,warm,2,OK,973.8575318239751,97.94,134.18412849999999,133.705635,11.168792182917347,1.0563195934113023,1.1120842663063528,0.0020408163265306124,1.340744011948338,204.91294167180953,20277.301119,500
dexsuite_lift_physx_rtx_128x128_n128,Isaac-Dexsuite-Kuka-Allegro-Lift-v0,physx,isaacsim_rtx_renderer,128,camera_matrix,warm,3,OK,985.8618880428178,97.86,133.8163715,137.31969199999997,10.934081347924959,1.214958441648704,0.9012961520478798,0.0020408163265306124,1.2684759492469593,150.79879685575943,20997.365543,500
dexsuite_lift_physx_rtx_128x128_n128,Isaac-Dexsuite-Kuka-Allegro-Lift-v0,physx,isaacsim_rtx_renderer,128,camera_matrix,warm,4,OK,958.3706628281109,98.93,136.538295,140.051119,10.621226453749363,1.3424204914778297,1.0061926388463915,0.0020408163265306124,1.204240121494497,199.2752013599311,20346.047924,500
dexsuite_lift_physx_rtx_128x128_n128,Isaac-Dexsuite-Kuka-Allegro-Lift-v0,physx,isaacsim_rtx_renderer,128,camera_matrix,warm,5,OK,979.9892326761479,98.87,134.4052335,130.885512,11.424555018740348,1.5458027088590218,1.1950403876633802,0.0020408163265306124,1.4156183757756173,128.65240578673206,21428.851936,500
dexsuite_lift_physx_rtx_128x128_n256,Isaac-Dexsuite-Kuka-Allegro-Lift-v0,physx,isaacsim_rtx_renderer,256,camera_probe,cold,0,OK,1602.294348547908,129.86,159.223032,153.9023895,5.627221155003575,6.553956304882453,1.0324688558522999,0.00816326530612245,1.61775325359715,85.3069496785325,37493.298187,500
dexsuite_lift_physx_rtx_128x128_n256,Isaac-Dexsuite-Kuka-Allegro-Lift-v0,physx,isaacsim_rtx_renderer,256,camera_probe,warm,1,EXIT_NONZERO,,38.42,,,,,,,,,,
dexsuite_lift_physx_rtx_128x128_n512,Isaac-Dexsuite-Kuka-Allegro-Lift-v0,physx,isaacsim_rtx_renderer,512,camera_probe,cold,0,OK,2580.2560734814565,158.71,197.0861525,196.17392949999999,6.718730824016043,6.193196333970565,1.0393153693748078,0.004081632653061225,1.4441762858708507,83.05239349602282,46238.621002,500
dexsuite_lift_physx_rtx_128x128_n512,Isaac-Dexsuite-Kuka-Allegro-Lift-v0,physx,isaacsim_rtx_renderer,512,camera_probe,warm,1,OK,2614.779355672091,145.36,194.169492,189.5629495,6.363915064531109,5.684576848177814,0.9378146228939109,0.004081632653061225,1.5826161345416307,110.48557027700011,34033.290572,500
dexsuite_lift_physx_rtx_128x128_n512,Isaac-Dexsuite-Kuka-Allegro-Lift-v0,physx,isaacsim_rtx_renderer,512,camera_probe,warm,2,OK,2645.2748804291455,143.11,192.71754149999998,193.64632849999998,6.294861268180461,5.843656137276056,0.8636029729838126,0.0020408163265306124,1.514972400935555,108.99951053679872,32642.333174,500
dexsuite_lift_physx_rtx_128x128_n512,Isaac-Dexsuite-Kuka-Allegro-Lift-v0,physx,isaacsim_rtx_renderer,512,camera_probe,warm,3,OK,2578.125137300939,146.61,197.79101,198.461658,6.193394786614148,5.889044512567763,0.874781425034754,0.0020408163265306124,1.5647949703211692,73.05528943774856,33037.912431,500
dexsuite_lift_physx_rtx_128x128_n512,Isaac-Dexsuite-Kuka-Allegro-Lift-v0,physx,isaacsim_rtx_renderer,512,camera_probe,warm,4,EXIT_NONZERO,,35.4,,,,,,,,,,
dexsuite_lift_physx_rtx_256x256_n128,Isaac-Dexsuite-Kuka-Allegro-Lift-v0,physx,isaacsim_rtx_renderer,128,camera_matrix,cold,0,EXIT_NONZERO,,33.3,,,,,,,,,,
dexsuite_lift_physx_rtx_64x64_n128,Isaac-Dexsuite-Kuka-Allegro-Lift-v0,physx,isaacsim_rtx_renderer,128,camera_matrix,cold,0,OK,1012.4533986632463,108.88,130.725794,131.4355695,11.560593542374386,1.169520317709735,0.863879963634958,0.0020408163265306124,1.3558400299699707,120.58008280010843,34006.097339,500
dexsuite_lift_physx_rtx_64x64_n128,Isaac-Dexsuite-Kuka-Allegro-Lift-v0,physx,isaacsim_rtx_renderer,128,camera_matrix,warm,1,EXIT_NONZERO,,23.64,,,,,,,,,,
factory_physx_n1024,Isaac-Factory-GearMesh-Direct-v0,physx,,1024,non_camera,cold,0,OK,1078.8067567948551,532.04,949.207366,965.5370545000001,1.0365356340656111,0.8846944351010403,0.8933941923613662,0.0020408163265306124,1.1431931656953307,481.154347390431,22834.03941,500
factory_physx_n1024,Isaac-Factory-GearMesh-Direct-v0,physx,,1024,non_camera,warm,1,OK,1088.7791420378426,514.95,948.6417409999999,961.8817685,1.078940087011328,0.8566341269623512,0.8883756787828129,0.0020408163265306124,1.0422983979449445,482.4381997564812,14795.576752,500
factory_physx_n1024,Isaac-Factory-GearMesh-Direct-v0,physx,,1024,non_camera,warm,2,OK,1094.9143117960425,511.74,942.6522565,961.103384,1.0590584540070664,0.88358252622696,0.8888186184973416,0.0020408163265306124,1.036735733447381,482.3208911614611,14557.37101,500
factory_physx_n1024,Isaac-Factory-GearMesh-Direct-v0,physx,,1024,non_camera,warm,3,OK,1093.568875749372,513.63,943.2807545,968.4417685000001,1.0175280838271692,0.8875145403231335,0.8822342682754704,0.0020408163265306124,1.1360867893214996,481.1391305963213,14627.198223,500
factory_physx_n1024,Isaac-Factory-GearMesh-Direct-v0,physx,,1024,non_camera,warm,4,OK,1075.3599495065748,522.84,957.2220560000001,976.259546,1.0199174031943345,0.8761061005799374,0.9055816433471269,0.0020408163265306124,1.1149388869176804,481.23810101143357,16046.152607,500
factory_physx_n1024,Isaac-Factory-GearMesh-Direct-v0,physx,,1024,non_camera,warm,5,OK,1099.8260375227019,510.46,939.5187404999999,968.9380739999999,0.9812956539883064,0.8647250453696177,0.8712927984291389,0.0020408163265306124,1.0332530625068617,481.50037530395394,14562.384045,500
factory_physx_n2048,Isaac-Factory-GearMesh-Direct-v0,physx,,2048,non_camera,cold,0,OK,1491.6524315194122,753.01,1379.556095,1416.455805,1.1058618020207132,0.8774241064302037,0.8583942476059109,0.0020408163265306124,1.061716122579624,480.72952556394137,28230.875365,500
factory_physx_n2048,Isaac-Factory-GearMesh-Direct-v0,physx,,2048,non_camera,warm,1,OK,1484.0006317439745,746.38,1389.694256,1403.088583,1.0967931459534939,0.891166680528823,0.8872272015344309,0.0020408163265306124,1.0949274101248958,479.99869128597777,20679.23279,500
factory_physx_n2048,Isaac-Factory-GearMesh-Direct-v0,physx,,2048,non_camera,warm,2,OK,1484.2406987634492,747.05,1388.7733585,1401.379767,1.116621445412948,0.8894963758956569,0.9073948475238689,0.0020408163265306124,1.0432318550521789,481.838155920781,22193.115623,500
factory_physx_n2048,Isaac-Factory-GearMesh-Direct-v0,physx,,2048,non_camera,warm,3,OK,1481.2195414788985,748.32,1390.614699,1410.646841,1.0829396278355967,0.8745711003935108,0.9114453310571727,0.0020408163265306124,1.0888652864179207,480.4042209008274,21388.388278,500
factory_physx_n2048,Isaac-Factory-GearMesh-Direct-v0,physx,,2048,non_camera,warm,4,OK,1486.749169346311,745.41,1385.3824445,1406.333848,1.2096536881475957,0.8789160068626891,0.8504469509148869,0.0020408163265306124,1.0692119303239582,480.4513817662711,21371.665935,500
factory_physx_n2048,Isaac-Factory-GearMesh-Direct-v0,physx,,2048,non_camera,warm,5,OK,1491.0585408886159,744.37,1379.9649454999999,1409.1403765,1.097137603025741,0.8719716527120605,0.8830934140790336,0.0020408163265306124,1.0339789451913417,481.7661063870012,22219.871733,500
factory_physx_n512,Isaac-Factory-GearMesh-Direct-v0,physx,,512,non_camera,cold,0,OK,874.2262123943586,332.21,592.707081,599.2291459999999,1.1515782628503857,0.8659597091760954,0.9428920868945853,0.0020408163265306124,1.0600393282438902,469.52006302054394,17485.763067,500
factory_physx_n512,Isaac-Factory-GearMesh-Direct-v0,physx,,512,non_camera,warm,1,OK,882.1287031405709,319.13,585.985577,589.2800615,1.263007043044167,0.9284376898945867,0.9281318998097478,0.0020408163265306124,1.0647615079201185,472.34935719356366,11208.658664,500
factory_physx_n512,Isaac-Factory-GearMesh-Direct-v0,physx,,512,non_camera,warm,2,OK,897.1042253262815,314.54,575.8405955000001,583.5052780000001,1.191924281103075,0.9211245969226689,0.9292020662750542,0.0020408163265306124,1.0680762802628838,470.23180725155953,11041.094864,500
factory_physx_n512,Isaac-Factory-GearMesh-Direct-v0,physx,,512,non_camera,warm,3,OK,873.2356975801159,322.08,589.6838855,599.2673255,1.1594464847891996,0.8702437790428138,0.9219375835968218,0.0020408163265306124,1.067217019259963,472.2748008066067,10871.550745,500
factory_physx_n512,Isaac-Factory-GearMesh-Direct-v0,physx,,512,non_camera,warm,4,OK,898.7613719929246,314.0,578.0434365,583.857382,1.2003572526552382,0.9001183854176223,0.9397989884454351,0.0020408163265306124,1.0659762105397168,467.61392541473623,11015.008631,500
factory_physx_n512,Isaac-Factory-GearMesh-Direct-v0,physx,,512,non_camera,warm,5,OK,899.1202309560787,313.48,575.051784,583.6156255000001,1.1664668632145798,0.8557963463916884,0.9165195971950548,0.0020408163265306124,1.0675018985590885,469.264794299012,10801.816667,500
g1_flat_newton_n1024,Isaac-Velocity-Flat-G1-v0,newton_mjwarp,,1024,non_camera,cold,0,OK,34368.549182197916,278.24,29.519998,29.608261,5.082811415368164,10.03570108355908,0.8056535640509249,0.006122448979591836,1.4492380974350387,196.81925839080822,244650.242167,500
g1_flat_newton_n1024,Isaac-Velocity-Flat-G1-v0,newton_mjwarp,,1024,non_camera,warm,1,OK,36022.54839740069,54.57,27.936460500000003,27.1196195,12.58397862108648,17.71013601426082,0.9358080042384076,0.014285714285714285,2.607427280460186,206.06503792232016,27202.851279,500
g1_flat_newton_n1024,Isaac-Velocity-Flat-G1-v0,newton_mjwarp,,1024,non_camera,warm,2,OK,34383.27080952629,56.12,29.2779915,29.4904375,10.830187276807948,11.698029844419906,1.8203948991940184,0.01020408163265306,2.0020356290068615,199.71882251960938,27911.555303,500
g1_flat_newton_n1024,Isaac-Velocity-Flat-G1-v0,newton_mjwarp,,1024,non_camera,warm,3,OK,33688.248189664606,54.1,30.021611,30.2795475,10.106827587169194,10.070790258672128,0.7667534992060234,0.01020408163265306,1.8081138778576562,197.13621747420996,26148.391152,500
g1_flat_newton_n1024,Isaac-Velocity-Flat-G1-v0,newton_mjwarp,,1024,non_camera,warm,4,OK,35376.43803309643,53.06,28.758404,29.2907285,12.359859673684797,10.969659972779441,0.7267166127329336,0.00816326530612245,1.5531876685825727,204.00894722095643,25465.554417,500
g1_flat_newton_n1024,Isaac-Velocity-Flat-G1-v0,newton_mjwarp,,1024,non_camera,warm,5,OK,34401.027161133694,52.76,29.4590885,29.7147905,10.690618363942361,10.33343485965348,0.8223320975458333,0.01020408163265306,1.9644593933785273,190.55845098792344,25032.483051,500
g1_flat_newton_n2048,Isaac-Velocity-Flat-G1-v0,newton_mjwarp,,2048,non_camera,cold,0,OK,68375.70320628362,304.2,29.8933335,30.980474,4.667913602613051,9.085023231084199,0.7085309282227251,0.00816326530612245,1.4720356467108993,201.7007285228979,270378.211238,500
g1_flat_newton_n2048,Isaac-Velocity-Flat-G1-v0,newton_mjwarp,,2048,non_camera,warm,1,OK,67912.2490953252,65.21,29.839503999999998,30.216061500000002,10.376295865031913,10.244760390099152,0.738842883279146,0.01020408163265306,1.8754940411410035,203.7090726638072,36475.39922,500
g1_flat_newton_n2048,Isaac-Velocity-Flat-G1-v0,newton_mjwarp,,2048,non_camera,warm,2,OK,70178.04640400334,63.75,29.017215,29.0477925,10.973816857167373,10.282196624752123,0.7601407576840823,0.00816326530612245,1.685275101713844,199.36562540321455,35807.491719,500
g1_flat_newton_n2048,Isaac-Velocity-Flat-G1-v0,newton_mjwarp,,2048,non_camera,warm,3,OK,66342.25812169901,65.56,30.02483,37.221059499999996,8.27941851037314,8.174186444101627,0.6084767146405384,0.006122448979591836,1.8785535296221225,188.4795088229046,36623.413725,500
g1_flat_newton_n2048,Isaac-Velocity-Flat-G1-v0,newton_mjwarp,,2048,non_camera,warm,4,OK,68384.20111698085,65.37,29.4237185,27.874116,12.872104894734598,11.399848411336166,0.8629349895795799,0.018367346938775512,2.288561266660442,191.82353559227835,36330.957246,500
g1_flat_newton_n2048,Isaac-Velocity-Flat-G1-v0,newton_mjwarp,,2048,non_camera,warm,5,OK,70380.32836252124,65.17,28.821512,29.4240815,10.647415009369112,10.203676434215968,0.7481627251474273,0.00816326530612245,1.5693202807367213,196.94459499587944,36880.103993,500
g1_flat_newton_n4096,Isaac-Velocity-Flat-G1-v0,newton_mjwarp,,4096,non_camera,cold,0,OK,130289.84901648275,332.21,31.0539455,31.709211500000002,5.304198560724224,9.451499006842223,0.7489345800982784,0.00816326530612245,1.6220646461044934,193.66216734591245,294268.944942,500
g1_flat_newton_n4096,Isaac-Velocity-Flat-G1-v0,newton_mjwarp,,4096,non_camera,warm,1,OK,134483.99223315465,92.53,30.265096999999997,31.419463,11.028405736915364,9.616575751151444,0.733257185203961,0.01020408163265306,1.9416888770505114,201.76630632954198,61419.051486,500
g1_flat_newton_n4096,Isaac-Velocity-Flat-G1-v0,newton_mjwarp,,4096,non_camera,warm,2,OK,127689.75128557738,92.93,31.9365185,31.707268499999998,12.679486913229377,11.028796346806097,0.879710562264296,0.006122448979591836,1.4457973035425626,212.69090952610972,61099.451898,500
g1_flat_newton_n4096,Isaac-Velocity-Flat-G1-v0,newton_mjwarp,,4096,non_camera,warm,3,OK,130935.71415313685,92.46,30.9324555,30.793747,11.275007650092078,9.819119446555172,0.7650282701874508,0.012244897959183673,2.1175833911995183,197.17061668307193,61014.921843,500
g1_flat_newton_n4096,Isaac-Velocity-Flat-G1-v0,newton_mjwarp,,4096,non_camera,warm,4,OK,129281.65413858258,91.72,31.119936000000003,30.0493615,11.972950240556692,10.15932112234731,0.7873326692815087,0.006122448979591836,1.5115774826030859,208.74830737582067,60152.360611,500
g1_flat_newton_n4096,Isaac-Velocity-Flat-G1-v0,newton_mjwarp,,4096,non_camera,warm,5,OK,129872.7180516793,90.4,31.055782999999998,31.51483,11.027550108948708,9.824900245376542,0.7484741945300039,0.01020408163265306,1.9838603743063197,191.66821077736017,59463.940871,500
g1_flat_physx_n1024,Isaac-Velocity-Flat-G1-v0,physx,,1024,non_camera,cold,0,OK,10152.901717016375,90.34,103.708527,106.06545249999999,2.942896255498462,3.7870206418060586,0.5663377997656683,0.006122448979591836,1.188868164306375,177.25106851722668,25555.396802,500
g1_flat_physx_n1024,Isaac-Velocity-Flat-G1-v0,physx,,1024,non_camera,warm,1,OK,9883.007504574249,78.22,105.9926335,105.0723445,3.575112907088506,3.9321528606416507,0.5659516524826378,0.006122448979591836,1.2224990117166368,167.79943158786676,17179.649104,500
g1_flat_physx_n1024,Isaac-Velocity-Flat-G1-v0,physx,,1024,non_camera,warm,2,OK,10421.196029751743,76.27,101.9802815,97.3486125,3.513023023312222,4.004256465391327,0.656995003395657,0.006122448979591836,1.278064249862832,178.4524866575866,17337.185759,500
g1_flat_physx_n1024,Isaac-Velocity-Flat-G1-v0,physx,,1024,non_camera,warm,3,OK,10250.759127548117,77.63,102.046944,104.3782425,3.2997667497610914,4.040080594382493,0.8467531535607145,0.006122448979591836,1.1821430765132876,195.22439343579046,17895.728695,500
g1_flat_physx_n1024,Isaac-Velocity-Flat-G1-v0,physx,,1024,non_camera,warm,4,OK,10110.663043978671,77.54,104.1258165,102.131632,3.392961731973499,4.218841553418044,0.8553804662594641,0.006122448979591836,1.2176498624833494,174.69695219039855,17236.382445,500
g1_flat_physx_n1024,Isaac-Velocity-Flat-G1-v0,physx,,1024,non_camera,warm,5,OK,10090.274173349953,77.93,105.66996,106.3879675,3.1365938164012763,3.5602080188250613,0.601784022239169,0.006122448979591836,1.1926670190404756,168.98537932025323,17782.554206,500
g1_flat_physx_n2048,Isaac-Velocity-Flat-G1-v0,physx,,2048,non_camera,cold,0,OK,19054.507737160497,109.31,110.511191,107.701169,3.0388311476916283,3.535715141587739,0.6546361534850192,0.00816326530612245,1.8559040914402716,154.14735733471855,38538.276656,500
g1_flat_physx_n2048,Isaac-Velocity-Flat-G1-v0,physx,,2048,non_camera,warm,1,OK,18759.84932641127,99.14,110.7351545,116.25474399999999,2.8492504873607567,3.3403889909215234,0.6183301302525771,0.006122448979591836,1.3176993399082282,157.57551722814887,34200.817553,500
g1_flat_physx_n2048,Isaac-Velocity-Flat-G1-v0,physx,,2048,non_camera,warm,2,OK,19314.290852620397,94.34,108.057715,109.9148175,3.0286384908931865,3.5989746696345106,0.627359928064294,0.006122448979591836,1.8484501739722223,153.8666471485454,30429.153215,500
g1_flat_physx_n2048,Isaac-Velocity-Flat-G1-v0,physx,,2048,non_camera,warm,3,OK,18846.90133424252,93.81,111.5819575,116.0847365,3.3590618263581966,3.277069083065886,0.5469200078685624,0.006122448979591836,1.1885270149189688,184.90822642776553,29424.205924,500
g1_flat_physx_n2048,Isaac-Velocity-Flat-G1-v0,physx,,2048,non_camera,warm,4,OK,19398.46678690243,94.68,108.84666849999999,103.13949550000001,2.877622733766426,3.4640312352507094,1.0002629012277842,0.006122448979591836,1.2292794649165217,170.97637005853719,31423.50067,500
g1_flat_physx_n2048,Isaac-Velocity-Flat-G1-v0,physx,,2048,non_camera,warm,5,OK,19414.213410081808,93.37,109.02948699999999,103.9750255,3.1969788456555848,4.007050798944022,0.6455157926361845,0.006122448979591836,1.2468210571393419,187.45056789515917,30430.496323,500
g1_flat_physx_n4096,Isaac-Velocity-Flat-G1-v0,physx,,4096,non_camera,cold,0,OK,33538.52373203545,142.42,124.99158750000001,126.52389149999999,1.834487433545308,2.585403587590412,0.5325078307443618,0.006122448979591836,1.6297013460102128,144.29585532484197,64364.404105,500
g1_flat_physx_n4096,Isaac-Velocity-Flat-G1-v0,physx,,4096,non_camera,warm,1,OK,34074.48342908169,130.27,122.88969549999999,120.46307999999999,2.244224080938326,3.229016508626544,0.8197064112921569,0.006122448979591836,1.3005940629278285,169.0514863372627,58819.888624,500
g1_flat_physx_n4096,Isaac-Velocity-Flat-G1-v0,physx,,4096,non_camera,warm,2,OK,34736.05387569755,125.84,120.652555,120.5113135,2.00945366843089,2.725964844786129,0.5662222078427516,0.006122448979591836,1.1847352539228613,168.5908447266271,55796.900212,500
g1_flat_physx_n4096,Isaac-Velocity-Flat-G1-v0,physx,,4096,non_camera,warm,3,OK,34054.127183810815,125.53,122.503749,125.54388399999999,2.1908268267373345,3.3041373803601615,0.8225086376967595,0.006122448979591836,1.1493078159028445,170.62376081381083,54476.35814,500
g1_flat_physx_n4096,Isaac-Velocity-Flat-G1-v0,physx,,4096,non_camera,warm,4,OK,34265.53233007968,125.37,122.43007399999999,124.00363200000001,2.3527398374912116,3.2083618244343035,0.726143908430037,0.006122448979591836,1.1268448512862916,192.48882522270873,54581.439949,500
g1_flat_physx_n4096,Isaac-Velocity-Flat-G1-v0,physx,,4096,non_camera,warm,5,OK,34567.676805833325,124.63,122.09236200000001,122.997865,2.3474779094742826,2.906757072571951,0.6760566209828113,0.006122448979591836,1.1445719406592956,172.21193696166588,54135.024195,500
g1_rough_physx_n1024,Isaac-Velocity-Rough-G1-v0,physx,,1024,non_camera,cold,0,OK,9731.790416215998,97.9,108.563354,112.15477849999999,2.9214088100579687,3.2234438856298935,0.7927514029194932,0.006122448979591836,1.1968929757192648,169.3992012371026,33777.704021,500
g1_rough_physx_n1024,Isaac-Velocity-Rough-G1-v0,physx,,1024,non_camera,warm,1,OK,9708.66219356519,84.86,108.86460600000001,115.510953,2.9341511362996027,3.7114609642256173,0.8406391210364267,0.006122448979591836,1.161100666704741,155.88067206911361,22786.517931,500
g1_rough_physx_n1024,Isaac-Velocity-Rough-G1-v0,physx,,1024,non_camera,warm,2,OK,9465.862739170445,86.02,111.3924125,113.298997,2.7533046828296284,3.3288152409681087,0.5581817816092406,0.006122448979591836,1.1615363392846279,177.3570106110787,22382.897203,500
g1_rough_physx_n1024,Isaac-Velocity-Rough-G1-v0,physx,,1024,non_camera,warm,3,OK,9588.680055343637,86.08,109.32686,108.35504599999999,2.899715099562599,3.668833447775012,0.568428968227285,0.006122448979591836,1.2485643498319405,172.70705271032077,22884.416622,500
g1_rough_physx_n1024,Isaac-Velocity-Rough-G1-v0,physx,,1024,non_camera,warm,4,OK,9923.230936945241,83.9,107.0690985,114.1032925,2.624959617181949,3.2419182119569427,0.5982269968239523,0.006122448979591836,1.1791028482372674,172.57625947231938,22663.163679,500
g1_rough_physx_n1024,Isaac-Velocity-Rough-G1-v0,physx,,1024,non_camera,warm,5,OK,9862.371741780991,84.11,107.9527085,110.596559,2.9316644200476434,3.605135698661294,0.6524173143578544,0.006122448979591836,1.1814461955366984,157.66241591678892,22838.498307,500
g1_rough_physx_n2048,Isaac-Velocity-Rough-G1-v0,physx,,2048,non_camera,cold,0,OK,17969.250871466567,118.51,117.48242049999999,116.7543885,2.2511114860577592,2.906278559285161,0.7384087922313943,0.006122448979591836,1.2017132413827858,181.50297523223892,50051.797667,500
g1_rough_physx_n2048,Isaac-Velocity-Rough-G1-v0,physx,,2048,non_camera,warm,1,OK,18342.6368396265,101.39,114.9025115,114.67388199999999,3.1523337894848633,3.4239631566671824,0.8329310156256854,0.006122448979591836,1.2242498031068663,162.0096302602731,35340.105111,500
g1_rough_physx_n2048,Isaac-Velocity-Rough-G1-v0,physx,,2048,non_camera,warm,2,OK,17621.951038011826,104.32,118.92099350000001,122.019545,2.2285921243191003,2.8719028496623227,0.46909543876761717,0.006122448979591836,1.150617421413922,175.89727732529366,35917.244492,500
g1_rough_physx_n2048,Isaac-Velocity-Rough-G1-v0,physx,,2048,non_camera,warm,3,OK,17658.590734411817,104.48,118.0163695,123.1131245,2.997415982241601,3.0113821211645067,0.5596037325817362,0.006122448979591836,1.4415639923914085,145.87306874949562,35782.785681,500
g1_rough_physx_n2048,Isaac-Velocity-Rough-G1-v0,physx,,2048,non_camera,warm,4,OK,18528.805760657477,101.92,114.758184,120.53216649999999,2.9360102890044715,3.353880476378893,0.5650066283343542,0.006122448979591836,1.2722612890227956,162.94162398776666,35167.855689,500
g1_rough_physx_n2048,Isaac-Velocity-Rough-G1-v0,physx,,2048,non_camera,warm,5,OK,17767.758672369633,106.46,117.883493,123.9887605,2.6277642802953904,3.0126453357036342,0.5692653327234447,0.006122448979591836,1.4611359758693663,159.16738154756817,38052.500945,500
g1_rough_physx_n512,Isaac-Velocity-Rough-G1-v0,physx,,512,non_camera,cold,0,OK,4908.711607633795,93.36,108.0773015,109.0922615,3.0070834859354343,5.629398681042101,0.9682463040698812,0.006122448979591836,1.260305954057063,194.58637342738692,29504.400453,500
g1_rough_physx_n512,Isaac-Velocity-Rough-G1-v0,physx,,512,non_camera,warm,1,OK,4961.297552733248,77.49,107.52031450000001,109.923002,2.4796023583853724,3.617800840264534,0.6815673029017165,0.006122448979591836,1.369328052649072,170.30758297492167,16413.505838,500
g1_rough_physx_n512,Isaac-Velocity-Rough-G1-v0,physx,,512,non_camera,warm,2,OK,5024.411096454792,79.17,105.2729065,96.7587945,3.733586614703018,4.335493028491586,0.6354817907533977,0.01020408163265306,1.7616016707401245,145.94429306778815,17692.974513,500
g1_rough_physx_n512,Isaac-Velocity-Rough-G1-v0,physx,,512,non_camera,warm,3,OK,4858.942433565181,79.82,108.303493,113.70499050000001,2.885044768549539,3.598727164046507,0.6951384424943072,0.00816326530612245,1.5208240248698675,154.32777596465615,17391.827822,500
g1_rough_physx_n512,Isaac-Velocity-Rough-G1-v0,physx,,512,non_camera,warm,4,OK,5124.262166272064,75.67,102.91301,109.855863,3.1356108503740034,3.5004797240544185,0.8102284718294916,0.006122448979591836,1.2979498964019807,161.90913180283528,16057.212667,500
g1_rough_physx_n512,Isaac-Velocity-Rough-G1-v0,physx,,512,non_camera,warm,5,OK,4930.384120767438,78.42,107.398935,99.892855,3.104102290399048,4.28920850244995,0.9000828337522239,0.012244897959183673,2.1881721237219627,148.29503998711948,16114.063749,500
shadow_vision_newton_ovrtx_128x128_n128,Isaac-Repose-Cube-Shadow-Vision-Direct-v0,newton_mjwarp,ovrtx_renderer,128,camera_matrix,cold,0,OK,1602.91345950498,295.95,79.4770485,75.819966,12.187635299124246,10.98474207967859,10.382286322840082,0.01020408163265306,1.799725385658975,36.7750925505473,227728.414471,500
shadow_vision_newton_ovrtx_128x128_n128,Isaac-Repose-Cube-Shadow-Vision-Direct-v0,newton_mjwarp,ovrtx_renderer,128,camera_matrix,warm,1,OK,1622.3448631866788,83.82,78.7599425,79.879131,11.538638896810232,9.849759882840988,8.269227478200783,0.004081632653061225,1.4183897043146354,19.94578403371299,22371.000676,500
shadow_vision_newton_ovrtx_128x128_n128,Isaac-Repose-Cube-Shadow-Vision-Direct-v0,newton_mjwarp,ovrtx_renderer,128,camera_matrix,warm,2,OK,1611.8109174573092,86.01,79.22480999999999,80.99912800000001,11.515771478428753,10.099981014610426,7.921722836324854,0.004081632653061225,1.5065450123117374,24.84316737791422,23366.360853,500
shadow_vision_newton_ovrtx_128x128_n128,Isaac-Repose-Cube-Shadow-Vision-Direct-v0,newton_mjwarp,ovrtx_renderer,128,camera_matrix,warm,3,OK,1633.8254360080953,85.32,78.759468,73.6021585,11.185712440756747,10.866439684645933,8.64260225466078,0.004081632653061225,1.510933911537391,16.277805990347264,22778.121116,500
shadow_vision_newton_ovrtx_128x128_n128,Isaac-Repose-Cube-Shadow-Vision-Direct-v0,newton_mjwarp,ovrtx_renderer,128,camera_matrix,warm,4,OK,1618.6231741469915,84.13,79.267758,78.749947,10.57875551332117,10.242229496357629,8.641551885742855,0.006122448979591836,1.536348411383696,28.60454096256623,22445.737632,500
shadow_vision_newton_ovrtx_128x128_n128,Isaac-Repose-Cube-Shadow-Vision-Direct-v0,newton_mjwarp,ovrtx_renderer,128,camera_matrix,warm,5,OK,1588.8848784751294,88.07,80.0034245,72.8534285,12.923515150697401,12.266326285522718,9.617784563152027,0.006122448979591836,1.651064678308174,7.610588914793553,23176.939808,500
shadow_vision_newton_ovrtx_256x256_n128,Isaac-Repose-Cube-Shadow-Vision-Direct-v0,newton_mjwarp,ovrtx_renderer,128,camera_matrix,cold,0,OK,1497.9647201549624,300.04,84.7983385,84.95811549999999,10.78623722533017,9.482533531478817,8.04515673373193,0.0,1.4046293013643885,2.6804588968410608,231467.057178,500
shadow_vision_newton_ovrtx_256x256_n128,Isaac-Repose-Cube-Shadow-Vision-Direct-v0,newton_mjwarp,ovrtx_renderer,128,camera_matrix,warm,1,OK,1407.4144157977994,90.7,89.46559049999999,88.615493,10.09289430912493,10.140492317748546,7.222848334207203,0.0,1.504089016127237,2.8708220955412482,22250.136734,500
shadow_vision_newton_ovrtx_256x256_n128,Isaac-Repose-Cube-Shadow-Vision-Direct-v0,newton_mjwarp,ovrtx_renderer,128,camera_matrix,warm,2,OK,1430.4163763940649,92.28,88.7492725,88.4450815,9.925981593447908,9.564316394462251,7.069014459554769,0.0020408163265306124,1.5935711579394047,33.501579251163236,22946.22427,500
shadow_vision_newton_ovrtx_256x256_n128,Isaac-Repose-Cube-Shadow-Vision-Direct-v0,newton_mjwarp,ovrtx_renderer,128,camera_matrix,warm,3,OK,1436.6021434748704,92.54,88.21924899999999,84.89477099999999,10.978034512867701,9.852991193061822,10.13838415324779,0.006122448979591836,1.8331860372177715,27.99010585060605,24461.366715,500
shadow_vision_newton_ovrtx_256x256_n128,Isaac-Repose-Cube-Shadow-Vision-Direct-v0,newton_mjwarp,ovrtx_renderer,128,camera_matrix,warm,4,OK,1462.1369808317245,90.18,86.835417,86.84325899999999,11.54825835129011,10.05900272581894,9.603086418025837,0.0,1.4995734875633815,7.095760433072789,23798.048143,500
shadow_vision_newton_ovrtx_256x256_n128,Isaac-Repose-Cube-Shadow-Vision-Direct-v0,newton_mjwarp,ovrtx_renderer,128,camera_matrix,warm,5,OK,1489.2304380447104,89.77,84.985197,78.850585,11.055321606047691,10.503263507810374,8.112109491641693,0.0020408163265306124,1.6500995629899293,18.806399113480595,24028.273085,500
shadow_vision_newton_ovrtx_64x64_n128,Isaac-Repose-Cube-Shadow-Vision-Direct-v0,newton_mjwarp,ovrtx_renderer,128,camera_matrix,cold,0,OK,1703.5464676900563,294.21,75.3511675,69.5478785,13.924148757463536,11.918773266390865,10.466759643861746,0.0,1.5126334289262326,0.14218386745946265,229585.248515,500
shadow_vision_newton_ovrtx_64x64_n128,Isaac-Repose-Cube-Shadow-Vision-Direct-v0,newton_mjwarp,ovrtx_renderer,128,camera_matrix,warm,1,OK,1680.860456758633,81.55,77.043379,74.715139,12.223747653069347,11.100778785943234,8.176303158587446,0.0,1.3872526653534034,0.36372226551274833,22656.225601,500
shadow_vision_newton_ovrtx_64x64_n128,Isaac-Repose-Cube-Shadow-Vision-Direct-v0,newton_mjwarp,ovrtx_renderer,128,camera_matrix,warm,2,OK,1718.1565729592812,84.26,75.9960955,80.22561,10.367769294618014,9.889507440329838,7.729736825933763,0.0,1.2829838519146193,-0.0699457039503919,22579.805178,500
shadow_vision_newton_ovrtx_64x64_n128,Isaac-Repose-Cube-Shadow-Vision-Direct-v0,newton_mjwarp,ovrtx_renderer,128,camera_matrix,warm,3,OK,1655.0920539983226,82.14,77.344995,79.127104,11.454246006526411,11.39338756793121,8.516141359097384,0.0,1.320692722812148,0.8737519978181001,22389.38775,500
shadow_vision_newton_ovrtx_64x64_n128,Isaac-Repose-Cube-Shadow-Vision-Direct-v0,newton_mjwarp,ovrtx_renderer,128,camera_matrix,warm,4,OK,1651.896750223343,82.51,77.7467645,78.805021,12.301839904338076,10.072381821965381,7.7527540789564675,0.0,1.3379294495714937,1.3056606102860693,22238.641902,500
shadow_vision_newton_ovrtx_64x64_n128,Isaac-Repose-Cube-Shadow-Vision-Direct-v0,newton_mjwarp,ovrtx_renderer,128,camera_matrix,warm,5,OK,1709.1208800316729,81.1,74.101337,68.95018250000001,13.756488780867258,12.311162744203031,9.149428734289426,0.0,1.4720118471042478,1.8824537014992,22617.208408,500
shadow_vision_newton_rtx_128x128_n128,Isaac-Repose-Cube-Shadow-Vision-Direct-v0,newton_mjwarp,isaacsim_rtx_renderer,128,camera_matrix,cold,0,OK,1320.9206797987326,311.71,98.27508750000001,97.37719150000001,1272.7749088861326,9.84766680193277,1.058655065031322,0.006122448979591836,1.9013890495085808,16.048615960515555,117854.141958,500
shadow_vision_newton_rtx_128x128_n128,Isaac-Repose-Cube-Shadow-Vision-Direct-v0,newton_mjwarp,isaacsim_rtx_renderer,128,camera_matrix,warm,1,OK,1314.7304845278557,93.98,99.36386350000001,94.73198199999999,34.584641752771525,10.892341057532187,1.0145061991841362,0.00816326530612245,1.9377175824316653,7.940144873019273,26005.304888,500
shadow_vision_newton_rtx_128x128_n128,Isaac-Repose-Cube-Shadow-Vision-Direct-v0,newton_mjwarp,isaacsim_rtx_renderer,128,camera_matrix,warm,2,OK,1331.405746017858,92.52,97.8970025,93.700218,31.92274914451106,10.568639221308961,1.3725772548362696,0.0020408163265306124,1.454994501827093,9.487825666565906,26240.700112,500
shadow_vision_newton_rtx_128x128_n128,Isaac-Repose-Cube-Shadow-Vision-Direct-v0,newton_mjwarp,isaacsim_rtx_renderer,128,camera_matrix,warm,3,OK,1352.4560269880817,91.62,97.37598,91.2589765,32.43925917797248,12.151643592014205,1.3393539867280893,0.0,1.4672585187277445,1.8758488266933142,26055.585121,500
shadow_vision_newton_rtx_128x128_n128,Isaac-Repose-Cube-Shadow-Vision-Direct-v0,newton_mjwarp,isaacsim_rtx_renderer,128,camera_matrix,warm,4,OK,1327.9441433899278,92.96,97.9318505,99.52190250000001,30.263998630854147,9.921428511678622,0.8462461315990216,0.0,1.413880996899152,5.606920397558925,26376.642693,500
shadow_vision_newton_rtx_128x128_n128,Isaac-Repose-Cube-Shadow-Vision-Direct-v0,newton_mjwarp,isaacsim_rtx_renderer,128,camera_matrix,warm,5,OK,1345.1056890585962,90.19,98.3154245,90.2393955,33.58172917946907,11.165707409908347,1.2041596178467309,0.004081632653061225,1.466028702065053,3.526329502261035,24762.641753,500
shadow_vision_newton_rtx_128x128_n256,Isaac-Repose-Cube-Shadow-Vision-Direct-v0,newton_mjwarp,isaacsim_rtx_renderer,256,camera_probe,cold,0,OK,2322.8798538291985,320.85,110.77737049999999,112.408686,1110.394980064085,10.230923951908842,1.2886112911238905,0.0,1.6081939151926392,4.779668386976061,120796.699492,500
shadow_vision_newton_rtx_128x128_n256,Isaac-Repose-Cube-Shadow-Vision-Direct-v0,newton_mjwarp,isaacsim_rtx_renderer,256,camera_probe,warm,1,OK,2367.900086431046,103.11,109.6292525,106.8262165,29.35265516026209,10.337527595578562,1.0812476729436542,0.006122448979591836,1.7686436098764207,12.367565607467485,30680.135844,500
shadow_vision_newton_rtx_128x128_n256,Isaac-Repose-Cube-Shadow-Vision-Direct-v0,newton_mjwarp,isaacsim_rtx_renderer,256,camera_probe,warm,2,OK,2403.6717016714465,99.63,109.05493150000001,107.590079,27.615045640035266,11.136824372068729,1.0634799515297317,0.0,1.3356349394445566,4.081256755242907,28612.141135,500
shadow_vision_newton_rtx_128x128_n256,Isaac-Repose-Cube-Shadow-Vision-Direct-v0,newton_mjwarp,isaacsim_rtx_renderer,256,camera_probe,warm,3,OK,2364.923436269894,100.28,110.3496765,103.8037885,28.515208835561914,10.395245930739803,1.1986995927417428,0.0,1.3929439400952117,2.900555504285464,28830.540531,500
shadow_vision_newton_rtx_128x128_n256,Isaac-Repose-Cube-Shadow-Vision-Direct-v0,newton_mjwarp,isaacsim_rtx_renderer,256,camera_probe,warm,4,OK,2358.5444750208835,101.97,109.86933350000001,105.928728,29.449516820403996,10.802408493001066,1.159584130945101,0.0,1.4447904690217768,4.161631799931484,29739.346742,500
shadow_vision_newton_rtx_128x128_n256,Isaac-Repose-Cube-Shadow-Vision-Direct-v0,newton_mjwarp,isaacsim_rtx_renderer,256,camera_probe,warm,5,OK,2460.6045806594507,98.62,106.0649155,101.5346015,29.46940659436183,11.34854811046853,1.247814933316107,0.0,1.367972259387851,3.039080574426235,28527.991786,500
shadow_vision_newton_rtx_128x128_n512,Isaac-Repose-Cube-Shadow-Vision-Direct-v0,newton_mjwarp,isaacsim_rtx_renderer,512,camera_probe,cold,0,OK,3630.2316981109984,346.09,140.871126,137.2473865,918.958673497218,9.62802092409971,1.3565428803265407,0.0,1.4965021015536792,10.771662040400772,129156.183024,500
shadow_vision_newton_rtx_128x128_n512,Isaac-Repose-Cube-Shadow-Vision-Direct-v0,newton_mjwarp,isaacsim_rtx_renderer,512,camera_probe,warm,1,OK,3638.121751432161,128.38,140.6928985,139.85745150000002,26.085291036495107,8.588668784658926,1.6187657187504232,0.004081632653061225,1.6832771272112026,14.137717394602092,37410.263018,500
shadow_vision_newton_rtx_128x128_n512,Isaac-Repose-Cube-Shadow-Vision-Direct-v0,newton_mjwarp,isaacsim_rtx_renderer,512,camera_probe,warm,2,OK,3659.4849316935147,126.35,139.783527,135.4644795,23.768160427619698,9.986848449079966,1.4940284179809658,0.004081632653061225,1.7123989133254682,11.89460915114338,37042.519725,500
shadow_vision_newton_rtx_128x128_n512,Isaac-Repose-Cube-Shadow-Vision-Direct-v0,newton_mjwarp,isaacsim_rtx_renderer,512,camera_probe,warm,3,OK,3669.844813593487,128.44,139.5762295,137.30192599999998,22.49835161817031,8.637325750259324,1.7439809256572267,0.0020408163265306124,1.3590028164644987,22.145504037514502,39344.741681,500
shadow_vision_newton_rtx_128x128_n512,Isaac-Repose-Cube-Shadow-Vision-Direct-v0,newton_mjwarp,isaacsim_rtx_renderer,512,camera_probe,warm,4,OK,3685.8073686459625,127.45,139.57277699999997,134.8503935,22.6477493000419,8.43948249954495,1.2892708837367983,0.0,1.4183441110982005,8.355252689315039,39014.363324,500
shadow_vision_newton_rtx_128x128_n512,Isaac-Repose-Cube-Shadow-Vision-Direct-v0,newton_mjwarp,isaacsim_rtx_renderer,512,camera_probe,warm,5,OK,3657.6542157251797,128.83,140.3302165,142.8873165,22.510032540222,8.623338804182806,1.4549228167497987,0.0,1.354353607795553,1.7696368430315523,39387.249684,500
shadow_vision_newton_rtx_256x256_n128,Isaac-Repose-Cube-Shadow-Vision-Direct-v0,newton_mjwarp,isaacsim_rtx_renderer,128,camera_matrix,cold,0,OK,1106.8731982417282,318.52,116.03105149999999,111.361351,1128.218797947234,8.875095705331377,1.1200227087762253,0.0,1.6542538495245087,6.505627446463372,116354.009805,500
shadow_vision_newton_rtx_256x256_n128,Isaac-Repose-Cube-Shadow-Vision-Direct-v0,newton_mjwarp,isaacsim_rtx_renderer,128,camera_matrix,warm,1,OK,1107.6264994583887,101.62,116.531323,118.604889,25.33265172568055,8.525886382305876,1.152234533940671,0.0,1.5506177522749507,6.975261798351164,26039.366661,500
shadow_vision_newton_rtx_256x256_n128,Isaac-Repose-Cube-Shadow-Vision-Direct-v0,newton_mjwarp,isaacsim_rtx_renderer,128,camera_matrix,warm,2,OK,1113.8591114903018,100.79,115.5134655,116.45798300000001,25.325679803333013,8.544670939389357,1.0045627614896953,0.0,1.4783187652322651,4.886185778708267,26004.872492,500
shadow_vision_newton_rtx_256x256_n128,Isaac-Repose-Cube-Shadow-Vision-Direct-v0,newton_mjwarp,isaacsim_rtx_renderer,128,camera_matrix,warm,3,OK,1118.4425287186693,100.55,115.3831615,112.759432,28.10991101835277,8.994915476339044,0.9615916476060291,0.0,1.5501787308577442,6.3332245391840285,25366.826431,500
shadow_vision_newton_rtx_256x256_n128,Isaac-Repose-Cube-Shadow-Vision-Direct-v0,newton_mjwarp,isaacsim_rtx_renderer,128,camera_matrix,warm,4,OK,1130.5867370252586,99.48,112.9058775,114.4271635,26.24017151312153,8.801799827887894,1.1805834372535153,0.0,1.5836135626135661,4.467598366839263,25247.332762,500
shadow_vision_newton_rtx_256x256_n128,Isaac-Repose-Cube-Shadow-Vision-Direct-v0,newton_mjwarp,isaacsim_rtx_renderer,128,camera_matrix,warm,5,OK,1101.3233080195926,102.59,116.2030775,112.74562399999999,26.633142453493363,8.976967035101957,0.8440415124226905,0.0,1.6225588616193216,5.554066691993619,26550.619316,500
shadow_vision_newton_rtx_64x64_n128,Isaac-Repose-Cube-Shadow-Vision-Direct-v0,newton_mjwarp,isaacsim_rtx_renderer,128,camera_matrix,cold,0,OK,1396.30843744639,306.32,93.909697,91.0455235,1385.8028478248027,10.87890879116094,1.1128500568180049,0.0020408163265306124,1.6727915950749634,16.421661713235288,114425.040764,500
shadow_vision_newton_rtx_64x64_n128,Isaac-Repose-Cube-Shadow-Vision-Direct-v0,newton_mjwarp,isaacsim_rtx_renderer,128,camera_matrix,warm,1,OK,1389.4522310779087,94.13,93.2961215,92.5663515,35.55093268421625,11.604674296793474,1.0363706297746866,0.006122448979591836,1.8113988554469496,16.43705844506907,28692.195996,500
shadow_vision_newton_rtx_64x64_n128,Isaac-Repose-Cube-Shadow-Vision-Direct-v0,newton_mjwarp,isaacsim_rtx_renderer,128,camera_matrix,warm,2,OK,1417.5533859285815,92.08,92.173981,92.1327655,33.11584294080481,11.880137593395045,1.2559384532965092,0.012244897959183673,2.058458378848948,29.42260597540639,27109.373002,500
shadow_vision_newton_rtx_64x64_n128,Isaac-Repose-Cube-Shadow-Vision-Direct-v0,newton_mjwarp,isaacsim_rtx_renderer,128,camera_matrix,warm,3,OK,1373.722528145229,91.95,94.903517,93.258628,32.36069213885497,13.709783528018447,1.3354433221985638,0.004081632653061225,1.5683542794560525,9.664857174863913,26016.234966,500
shadow_vision_newton_rtx_64x64_n128,Isaac-Repose-Cube-Shadow-Vision-Direct-v0,newton_mjwarp,isaacsim_rtx_renderer,128,camera_matrix,warm,4,OK,1379.1972207056722,93.54,94.85186250000001,95.284814,34.65574314916541,10.385400049162085,1.1359459651146508,0.004081632653061225,1.7399516177887497,10.687252622676995,27799.97294,500
shadow_vision_newton_rtx_64x64_n128,Isaac-Repose-Cube-Shadow-Vision-Direct-v0,newton_mjwarp,isaacsim_rtx_renderer,128,camera_matrix,warm,5,OK,1382.2127356755877,90.63,94.76933650000001,93.72321550000001,31.944427088078296,11.036693891493725,1.066653864431273,0.0020408163265306124,1.4272754685844113,6.671742336072155,25548.330596,500
shadow_vision_newton_warp_128x128_n128,Isaac-Repose-Cube-Shadow-Vision-Direct-v0,newton_mjwarp,newton_renderer,128,camera_matrix,cold,0,OK,4193.007711504226,260.85,29.224137,28.685162499999997,18.93941434007913,26.00022719062512,20.22223726290552,0.004081632653061225,1.761825827899703,7.478711618496238,221911.920895,500
shadow_vision_newton_warp_128x128_n128,Isaac-Repose-Cube-Shadow-Vision-Direct-v0,newton_mjwarp,newton_renderer,128,camera_matrix,warm,1,OK,4175.941739762766,47.73,29.1158785,28.6677335,18.433673837521894,26.560925683225012,20.727337478562788,0.0020408163265306124,1.63449580693221,14.647281663841607,15387.961082,500
shadow_vision_newton_warp_128x128_n128,Isaac-Repose-Cube-Shadow-Vision-Direct-v0,newton_mjwarp,newton_renderer,128,camera_matrix,warm,2,OK,4028.934246428829,48.43,30.020379,29.945566999999997,25.121223485265784,28.243089503030617,21.06456371322006,0.0020408163265306124,1.7506470356697543,7.378681468330901,15572.935244,500
shadow_vision_newton_warp_128x128_n128,Isaac-Repose-Cube-Shadow-Vision-Direct-v0,newton_mjwarp,newton_renderer,128,camera_matrix,warm,3,OK,4113.540081384483,46.77,29.595869999999998,29.349591,18.71448556131498,24.465900563997636,19.443449688958186,0.0020408163265306124,1.7022581248236133,5.797295376181776,14856.233251,500
shadow_vision_newton_warp_128x128_n128,Isaac-Repose-Cube-Shadow-Vision-Direct-v0,newton_mjwarp,newton_renderer,128,camera_matrix,warm,4,OK,4212.897742907642,46.76,29.0355255,28.4805545,18.430670863518472,26.27458355840649,20.709159893639008,0.0,1.6820619630140983,5.82216286521488,15445.424833,500
shadow_vision_newton_warp_128x128_n128,Isaac-Repose-Cube-Shadow-Vision-Direct-v0,newton_mjwarp,newton_renderer,128,camera_matrix,warm,5,OK,4151.517846788031,46.87,29.510432,29.032835499999997,17.95463984218834,25.448066930975447,21.586711328970953,0.0,1.3501059657090682,2.889630855055329,15224.420524,500
shadow_vision_newton_warp_256x256_n128,Isaac-Repose-Cube-Shadow-Vision-Direct-v0,newton_mjwarp,newton_renderer,128,camera_matrix,cold,0,OK,2942.928124517013,271.68,41.228164500000005,40.87389,14.93584633123982,19.02916389900741,15.74029954085603,0.0,1.4975444243256517,3.327507979318013,225653.592888,500
shadow_vision_newton_warp_256x256_n128,Isaac-Repose-Cube-Shadow-Vision-Direct-v0,newton_mjwarp,newton_renderer,128,camera_matrix,warm,1,OK,2912.2957170758245,53.99,42.367146500000004,41.957112,12.775994401139906,18.020104863270856,14.441058907962969,0.0,1.3459962816315862,7.111370990792389,15312.519821,500
shadow_vision_newton_warp_256x256_n128,Isaac-Repose-Cube-Shadow-Vision-Direct-v0,newton_mjwarp,newton_renderer,128,camera_matrix,warm,2,OK,2976.407078903065,53.65,40.9261315,40.862593000000004,15.268508633311644,19.209473466355888,15.093039323275445,0.0,1.4693931342046753,10.753037205197357,15414.352157,500
shadow_vision_newton_warp_256x256_n128,Isaac-Repose-Cube-Shadow-Vision-Direct-v0,newton_mjwarp,newton_renderer,128,camera_matrix,warm,3,OK,2953.980951802148,55.38,41.1298685,40.368945499999995,14.143017855148088,18.64533776340529,14.739983188314893,0.0,1.530760943706098,11.916663143977036,15809.156674,500
shadow_vision_newton_warp_256x256_n128,Isaac-Repose-Cube-Shadow-Vision-Direct-v0,newton_mjwarp,newton_renderer,128,camera_matrix,warm,4,OK,2930.5718097149124,54.55,41.6090035,40.281081,12.90602332643456,19.094536564199952,15.480417841815118,0.004081632653061225,1.5377266982978939,44.59351393259752,16122.326667,500
shadow_vision_newton_warp_256x256_n128,Isaac-Repose-Cube-Shadow-Vision-Direct-v0,newton_mjwarp,newton_renderer,128,camera_matrix,warm,5,OK,2920.222152175325,56.84,41.523793,40.7655145,12.865158392640916,18.137545645351782,16.595288745834424,0.004081632653061225,1.7446007421297234,19.925390472398966,15183.095286,500
shadow_vision_newton_warp_64x64_n128,Isaac-Repose-Cube-Shadow-Vision-Direct-v0,newton_mjwarp,newton_renderer,128,camera_matrix,cold,0,OK,4439.445947384659,268.78,27.6127535,26.7435285,20.618151266015627,30.078816600434756,21.896768034928527,0.0020408163265306124,1.49501097059799,6.66617537119788,230163.482422,500
shadow_vision_newton_warp_64x64_n128,Isaac-Repose-Cube-Shadow-Vision-Direct-v0,newton_mjwarp,newton_renderer,128,camera_matrix,warm,1,OK,4497.029609802884,46.17,26.859955,26.482217499999997,21.946021249919877,30.796387009509306,23.108664408484675,0.0020408163265306124,1.6311125648749023,8.510171237506599,15350.996651,500
shadow_vision_newton_warp_64x64_n128,Isaac-Repose-Cube-Shadow-Vision-Direct-v0,newton_mjwarp,newton_renderer,128,camera_matrix,warm,2,OK,4487.542338898033,45.57,27.019869,26.4374535,22.24759358914806,28.293639173682138,22.69245674512487,0.006122448979591836,1.8141344834894935,10.863548829307426,15076.107456,500
shadow_vision_newton_warp_64x64_n128,Isaac-Repose-Cube-Shadow-Vision-Direct-v0,newton_mjwarp,newton_renderer,128,camera_matrix,warm,3,OK,4466.209456624057,47.43,27.140099499999998,25.474224,22.03579304319535,28.93228794722069,23.65557600498449,0.004081632653061225,1.892871815447647,7.898408469578893,15265.466851,500
shadow_vision_newton_warp_64x64_n128,Isaac-Repose-Cube-Shadow-Vision-Direct-v0,newton_mjwarp,newton_renderer,128,camera_matrix,warm,4,OK,4497.260522154125,46.26,27.216877,26.405659999999997,20.477663917508597,28.062829067707455,22.99549660943904,0.0,1.5842155731006162,6.019302589370758,15689.270012,500
shadow_vision_newton_warp_64x64_n128,Isaac-Repose-Cube-Shadow-Vision-Direct-v0,newton_mjwarp,newton_renderer,128,camera_matrix,warm,5,OK,4752.353990722362,45.27,25.721681500000003,26.487232499999998,20.739478539330225,28.072497230505306,21.927115866106437,0.004081632653061225,1.8422424230239995,12.024713415570975,15032.236053,500
shadow_vision_physx_rtx_128x128_n128,Isaac-Repose-Cube-Shadow-Vision-Direct-v0,physx,isaacsim_rtx_renderer,128,camera_matrix,cold,0,OK,1016.4529997678486,106.33,129.22160350000001,122.98551699999999,6.625072763649073,4.107154958742012,1.126653083874909,0.0020408163265306124,1.5377226246079043,153.54630366516136,26314.201398,500
shadow_vision_physx_rtx_128x128_n128,Isaac-Repose-Cube-Shadow-Vision-Direct-v0,physx,isaacsim_rtx_renderer,128,camera_matrix,warm,1,OK,1009.4714222883563,94.41,128.323829,128.4778845,5.940787350059457,3.826984386561876,0.9843229555978563,0.0020408163265306124,1.4977877816784881,148.42329592606347,17461.14433,500
shadow_vision_physx_rtx_128x128_n128,Isaac-Repose-Cube-Shadow-Vision-Direct-v0,physx,isaacsim_rtx_renderer,128,camera_matrix,warm,2,OK,1010.6077455854372,95.64,128.94723349999998,136.34965749999998,6.302891453907761,3.858936411336421,0.9729189088722136,0.004081632653061225,1.210508522252799,112.23779616192856,18124.473022,500
shadow_vision_physx_rtx_128x128_n128,Isaac-Repose-Cube-Shadow-Vision-Direct-v0,physx,isaacsim_rtx_renderer,128,camera_matrix,warm,3,OK,1020.0099638715478,95.3,128.30892,127.3144005,6.801017336605217,4.446004982759197,1.0189286089439662,0.0020408163265306124,1.5265334793765142,169.38990246291067,18035.929559,500
shadow_vision_physx_rtx_128x128_n128,Isaac-Repose-Cube-Shadow-Vision-Direct-v0,physx,isaacsim_rtx_renderer,128,camera_matrix,warm,4,OK,1007.9023329511366,95.19,129.716381,129.5154405,6.169776467694598,3.8308052698936694,0.6826808036065785,0.00816326530612245,1.6832878477527937,63.79950305049489,17944.259264,500
shadow_vision_physx_rtx_128x128_n128,Isaac-Repose-Cube-Shadow-Vision-Direct-v0,physx,isaacsim_rtx_renderer,128,camera_matrix,warm,5,OK,1008.744401053629,95.39,128.771927,124.859924,6.460355269798177,3.6568579923210587,0.7189099762706888,0.01020408163265306,2.0045948342079734,71.18953535371125,17952.009597,500
shadow_vision_physx_rtx_128x128_n256,Isaac-Repose-Cube-Shadow-Vision-Direct-v0,physx,isaacsim_rtx_renderer,256,camera_probe,cold,0,OK,1820.2573815375033,117.86,142.3179345,140.9198705,5.834216552164658,3.9869241364368126,1.0290853268985938,0.01020408163265306,1.9832598485108606,215.28934324580516,28760.738544,500
shadow_vision_physx_rtx_128x128_n256,Isaac-Repose-Cube-Shadow-Vision-Direct-v0,physx,isaacsim_rtx_renderer,256,camera_probe,warm,1,OK,1829.8260720988362,106.68,142.544095,142.301153,6.111116063831191,3.5378082987142063,1.0319706053260158,0.006122448979591836,1.8333057768688634,248.55389977750022,21654.609045,500
shadow_vision_physx_rtx_128x128_n256,Isaac-Repose-Cube-Shadow-Vision-Direct-v0,physx,isaacsim_rtx_renderer,256,camera_probe,warm,2,OK,1791.8308774880493,106.62,144.7029075,144.7845095,5.893410026712837,4.077238912081268,1.1508460993197616,0.006122448979591836,1.599056566199853,230.0560465777774,20721.405197,500
shadow_vision_physx_rtx_128x128_n256,Isaac-Repose-Cube-Shadow-Vision-Direct-v0,physx,isaacsim_rtx_renderer,256,camera_probe,warm,3,OK,1810.223473244178,107.04,143.2680685,148.3651835,5.72091536556486,3.8424460345172555,0.6477526380035111,0.006122448979591836,1.8163644969306434,163.7911249905396,21083.115949,500
shadow_vision_physx_rtx_128x128_n256,Isaac-Repose-Cube-Shadow-Vision-Direct-v0,physx,isaacsim_rtx_renderer,256,camera_probe,warm,4,OK,1786.933225981259,108.92,145.38253350000002,148.5714385,6.527002395551282,4.150012460167436,1.0399302824277359,0.004081632653061225,1.5451939496432896,220.80254763692255,22002.193609,500
shadow_vision_physx_rtx_128x128_n256,Isaac-Repose-Cube-Shadow-Vision-Direct-v0,physx,isaacsim_rtx_renderer,256,camera_probe,warm,5,OK,1801.9687837477359,106.76,144.0347195,141.29123349999998,5.520904656834213,4.131525987420869,0.7970342689378532,0.004081632653061225,1.4748930962514393,213.61335699170328,20876.438296,500
shadow_vision_physx_rtx_128x128_n512,Isaac-Repose-Cube-Shadow-Vision-Direct-v0,physx,isaacsim_rtx_renderer,512,camera_probe,cold,0,OK,2995.08878313961,136.99,172.66938399999998,174.242942,5.46891416124046,3.826268228414096,0.9091098105999611,0.004081632653061225,1.1920062763862205,235.12165709583923,33580.181111,500
shadow_vision_physx_rtx_128x128_n512,Isaac-Repose-Cube-Shadow-Vision-Direct-v0,physx,isaacsim_rtx_renderer,512,camera_probe,warm,1,OK,3019.427042965032,124.93,171.7081025,172.6025265,5.523090144338067,3.5439180202266622,1.0527413455909058,0.004081632653061225,1.3650030215519477,197.2601554660246,25546.503643,500
shadow_vision_physx_rtx_128x128_n512,Isaac-Repose-Cube-Shadow-Vision-Direct-v0,physx,isaacsim_rtx_renderer,512,camera_probe,warm,2,OK,3022.2775052277,124.81,171.60555349999998,169.3594085,4.927832314671789,3.3942447844579005,0.955631685499185,0.004081632653061225,1.3502100477045542,214.83655982564474,25726.71654,500
shadow_vision_physx_rtx_128x128_n512,Isaac-Repose-Cube-Shadow-Vision-Direct-v0,physx,isaacsim_rtx_renderer,512,camera_probe,warm,3,OK,3010.942615567944,125.08,171.905778,171.5187875,5.4995548578023845,3.542304238828647,0.9855784865550079,0.004081632653061225,1.1823061031725173,254.37725795960534,25873.963264,500
shadow_vision_physx_rtx_128x128_n512,Isaac-Repose-Cube-Shadow-Vision-Direct-v0,physx,isaacsim_rtx_renderer,512,camera_probe,warm,4,OK,3048.859153273317,125.47,170.412463,168.0645675,5.655941422632108,3.7820010514708873,1.0348125460769713,0.004081632653061225,1.1828460818786208,221.92143948330798,26811.120334,500
shadow_vision_physx_rtx_128x128_n512,Isaac-Repose-Cube-Shadow-Vision-Direct-v0,physx,isaacsim_rtx_renderer,512,camera_probe,warm,5,OK,2953.22819717714,126.27,174.77856500000001,171.482939,5.720096423119971,3.6527292257336463,0.9989306341431436,0.004081632653061225,1.2385307341274367,270.0804738349679,25335.174707,500
shadow_vision_physx_rtx_256x256_n128,Isaac-Repose-Cube-Shadow-Vision-Direct-v0,physx,isaacsim_rtx_renderer,128,camera_matrix,cold,0,OK,898.7984793396992,115.03,145.3939355,142.78146750000002,5.355484758552436,3.6559070735142845,1.0112040485926508,0.0020408163265306124,1.1744421562273137,141.61985512724067,26587.648813,500
shadow_vision_physx_rtx_256x256_n128,Isaac-Repose-Cube-Shadow-Vision-Direct-v0,physx,isaacsim_rtx_renderer,128,camera_matrix,warm,1,OK,898.1484773197217,103.2,144.972688,145.09897899999999,5.595376615296515,3.4308919706457757,1.0007245605773698,0.0020408163265306124,1.1832288416033598,210.89509833717153,17986.324199,500
shadow_vision_physx_rtx_256x256_n128,Isaac-Repose-Cube-Shadow-Vision-Direct-v0,physx,isaacsim_rtx_renderer,128,camera_matrix,warm,2,OK,892.6548354803363,103.29,145.079712,144.1319025,5.368544961792897,3.2912344371503734,0.7467668998541112,0.0020408163265306124,1.1613728936242969,223.61118767869138,18212.397894,500
shadow_vision_physx_rtx_256x256_n128,Isaac-Repose-Cube-Shadow-Vision-Direct-v0,physx,isaacsim_rtx_renderer,128,camera_matrix,warm,3,OK,874.303707074826,106.02,146.9552395,146.482308,5.853352194587213,3.984389725754458,1.0644120790341454,0.01020408163265306,1.906358214536054,86.3595376705796,18163.983792,500
shadow_vision_physx_rtx_256x256_n128,Isaac-Repose-Cube-Shadow-Vision-Direct-v0,physx,isaacsim_rtx_renderer,128,camera_matrix,warm,4,OK,899.2247483156448,102.77,143.95566,146.7517185,5.614428222181262,3.364532218408059,0.8093198854090421,0.0020408163265306124,1.5074014874994461,138.65814110400086,17518.330168,500
shadow_vision_physx_rtx_256x256_n128,Isaac-Repose-Cube-Shadow-Vision-Direct-v0,physx,isaacsim_rtx_renderer,128,camera_matrix,warm,5,OK,890.3336978288664,103.94,144.45023149999997,143.41052100000002,6.085539560936397,3.8863793194085106,0.8848450735354345,0.004081632653061225,1.7634113313067197,65.94026729199948,18426.074716,500
shadow_vision_physx_rtx_64x64_n128,Isaac-Repose-Cube-Shadow-Vision-Direct-v0,physx,isaacsim_rtx_renderer,128,camera_matrix,cold,0,OK,1047.1545354869957,105.04,124.605014,123.170827,6.4990867683302955,5.388367490623408,1.0776551983368594,0.004081632653061225,1.5552426999617381,66.74645544566117,26280.875279,500
shadow_vision_physx_rtx_64x64_n128,Isaac-Repose-Cube-Shadow-Vision-Direct-v0,physx,isaacsim_rtx_renderer,128,camera_matrix,warm,1,OK,1030.773391887099,94.58,126.9907485,124.7802615,6.117931648989211,3.7446268535027873,0.6909911388509151,0.004081632653061225,1.5455880696323119,109.46259400131578,18418.168096,500
shadow_vision_physx_rtx_64x64_n128,Isaac-Repose-Cube-Shadow-Vision-Direct-v0,physx,isaacsim_rtx_renderer,128,camera_matrix,warm,2,OK,1030.4771776556267,93.83,126.2993965,123.0342805,5.972033330986968,3.6701891063604832,1.1231252658888025,0.00816326530612245,1.7756878945620378,48.568243960114074,17808.527341,500
shadow_vision_physx_rtx_64x64_n128,Isaac-Repose-Cube-Shadow-Vision-Direct-v0,physx,isaacsim_rtx_renderer,128,camera_matrix,warm,3,OK,1010.8252712470807,97.71,127.89444,129.8730385,6.664020507997893,3.7712010564840983,0.8668010104345099,0.00816326530612245,1.8034786749830298,36.93819411875767,18966.456518,500
shadow_vision_physx_rtx_64x64_n128,Isaac-Repose-Cube-Shadow-Vision-Direct-v0,physx,isaacsim_rtx_renderer,128,camera_matrix,warm,4,OK,1046.8526643432929,92.67,124.9289275,123.0270275,6.286567746262096,3.8113045444424802,1.084471410154163,0.004081632653061225,1.5635474274138668,86.78787369384266,18340.797212,500
shadow_vision_physx_rtx_64x64_n128,Isaac-Repose-Cube-Shadow-Vision-Direct-v0,physx,isaacsim_rtx_renderer,128,camera_matrix,warm,5,OK,1048.3946281865915,91.9,125.10160049999999,125.383499,6.027343430573747,3.710419678110913,1.048615990529982,0.0020408163265306124,1.5467675699495356,93.3775182990872,17737.690645,500
shadow_vision_physx_warp_128x128_n128,Isaac-Repose-Cube-Shadow-Vision-Direct-v0,physx,newton_renderer,128,camera_matrix,cold,0,OK,1789.2862498270465,96.32,74.05995250000001,67.242744,9.790311739806453,6.5349095955988945,0.6663319837155961,0.0020408163265306124,1.3838484553812984,240.89840656454376,38146.131937,500
shadow_vision_physx_warp_128x128_n128,Isaac-Repose-Cube-Shadow-Vision-Direct-v0,physx,newton_renderer,128,camera_matrix,warm,1,OK,1794.0572484776997,72.74,73.5918605,73.8107605,10.43889103405187,5.760003339892426,0.5884147745639337,0.0020408163265306124,1.2070182075958966,300.9901607443928,24152.977898,500
shadow_vision_physx_warp_128x128_n128,Isaac-Repose-Cube-Shadow-Vision-Direct-v0,physx,newton_renderer,128,camera_matrix,warm,2,OK,1754.511647452763,73.09,74.613095,74.9143285,7.875465185541909,6.675299025072353,0.6076781826857062,0.0020408163265306124,1.177716173882544,346.74808518196977,23730.377131,500
shadow_vision_physx_warp_128x128_n128,Isaac-Repose-Cube-Shadow-Vision-Direct-v0,physx,newton_renderer,128,camera_matrix,warm,3,OK,1818.5154500710828,72.25,73.2722675,70.5199585,9.857388571775749,6.854789286355011,0.6133635203429679,0.0020408163265306124,1.2555870773803703,257.41088680081555,23872.513665,500
shadow_vision_physx_warp_128x128_n128,Isaac-Repose-Cube-Shadow-Vision-Direct-v0,physx,newton_renderer,128,camera_matrix,warm,4,OK,1751.563144806657,73.54,74.5791535,76.4694035,8.981315840916688,5.55432031060632,0.6941243369316984,0.0020408163265306124,1.217058252585951,338.48874690074496,24021.117574,500
shadow_vision_physx_warp_128x128_n128,Isaac-Repose-Cube-Shadow-Vision-Direct-v0,physx,newton_renderer,128,camera_matrix,warm,5,OK,1783.9017279602806,73.46,74.06526450000001,72.8282385,9.217182233509604,5.852364766449761,0.6635826294219652,0.0020408163265306124,1.2054887201480236,320.53164278796146,24044.9242,500
shadow_vision_physx_warp_256x256_n128,Isaac-Repose-Cube-Shadow-Vision-Direct-v0,physx,newton_renderer,128,camera_matrix,cold,0,OK,1525.0921427161702,105.25,84.797155,82.064722,8.335217927138045,5.655367223445904,1.0160646008159266,0.006122448979591836,1.455072114665788,196.52030103996415,40732.900604,500
shadow_vision_physx_warp_256x256_n128,Isaac-Repose-Cube-Shadow-Vision-Direct-v0,physx,newton_renderer,128,camera_matrix,warm,1,OK,1504.9202803327985,84.24,86.186193,83.91811000000001,7.621936993099582,5.287933701080731,0.7234559739250561,0.006122448979591836,1.5547241021038276,239.40724795499335,26965.503315,500
shadow_vision_physx_warp_256x256_n128,Isaac-Repose-Cube-Shadow-Vision-Direct-v0,physx,newton_renderer,128,camera_matrix,warm,2,OK,1562.3636220766837,80.33,83.6144285,79.151189,9.559671099823907,5.562756334588985,0.8109337814243068,0.004081632653061225,1.4077043738408035,219.45640233895205,25685.096893,500
shadow_vision_physx_warp_256x256_n128,Isaac-Repose-Cube-Shadow-Vision-Direct-v0,physx,newton_renderer,128,camera_matrix,warm,3,OK,1562.7318589125164,80.97,83.771501,79.95892599999999,8.875337757788293,6.124144588935575,1.0035375412621226,0.004081632653061225,1.4436702925449516,234.50718349178376,25756.495784,500
shadow_vision_physx_warp_256x256_n128,Isaac-Repose-Cube-Shadow-Vision-Direct-v0,physx,newton_renderer,128,camera_matrix,warm,4,OK,1562.381853890384,78.75,83.6160595,84.94109449999999,8.713722060645217,5.147210152795948,0.7214668513601507,0.0020408163265306124,1.2123867478538324,284.17562437406286,24175.148038,500
shadow_vision_physx_warp_256x256_n128,Isaac-Repose-Cube-Shadow-Vision-Direct-v0,physx,newton_renderer,128,camera_matrix,warm,5,OK,1550.4914100528683,78.58,83.898574,84.1732765,8.433094261217217,5.1062226382502764,0.7216526494605446,0.0020408163265306124,1.170669436160062,302.00496048916966,24442.530942,500
shadow_vision_physx_warp_64x64_n128,Isaac-Repose-Cube-Shadow-Vision-Direct-v0,physx,newton_renderer,128,camera_matrix,cold,0,OK,1790.6921428918392,97.54,73.870391,71.682274,10.29511777207291,6.105583369188315,0.6697581469025382,0.0020408163265306124,1.2813495339168508,303.35593964428466,39776.616409,500
shadow_vision_physx_warp_64x64_n128,Isaac-Repose-Cube-Shadow-Vision-Direct-v0,physx,newton_renderer,128,camera_matrix,warm,1,OK,1762.2965849068867,73.85,74.439132,73.37314549999999,9.456193628771171,6.1776459617640365,0.9751816896005912,0.0020408163265306124,1.198913064044665,286.0535844206922,24455.833886,500
shadow_vision_physx_warp_64x64_n128,Isaac-Repose-Cube-Shadow-Vision-Direct-v0,physx,newton_renderer,128,camera_matrix,warm,2,OK,1795.3437070343389,72.95,73.2458825,72.65496300000001,10.028444732674352,7.135049094994377,0.6655818818598805,0.0020408163265306124,1.2105210530490533,300.1929240446321,23726.283981,500
shadow_vision_physx_warp_64x64_n128,Isaac-Repose-Cube-Shadow-Vision-Direct-v0,physx,newton_renderer,128,camera_matrix,warm,3,OK,1759.3548162043003,74.37,74.293161,66.74503949999999,9.889302245450017,6.351053998552207,0.6660161464133976,0.0020408163265306124,1.3268345895577756,357.9548083967517,25042.881524,500
shadow_vision_physx_warp_64x64_n128,Isaac-Repose-Cube-Shadow-Vision-Direct-v0,physx,newton_renderer,128,camera_matrix,warm,4,OK,1842.8177918863848,71.99,72.53872100000001,73.00098449999999,8.763131982144708,6.917431586145254,0.8814451125655711,0.0020408163265306124,1.2056980884963273,263.41912263772383,23912.629129,500
shadow_vision_physx_warp_64x64_n128,Isaac-Repose-Cube-Shadow-Vision-Direct-v0,physx,newton_renderer,128,camera_matrix,warm,5,OK,1841.3267413679157,72.55,72.439483,68.0537515,9.64476948783639,6.150497978057829,0.6444702317402737,0.0020408163265306124,1.2775976234021427,276.07845068177704,24589.628444,500
